front,back
more,"więcej, bardzo, -szy, jeszcze"
general,"powszechny, ogólny"
per,"na, od, zgodnie z"
service,"usługa, przysługa, obsługa, służba, serwis, nabożeństwo, obsługiwać, konserwować, naprawiać"
development,"rozwój, zagospodarowanie, wywoływanie"
total,"suma, całkowity, ogólny, kompletny, dodawać, sumować, obliczać, wynosić"
department,"departament, wydział, ministerstwo"
public,"publiczny, nieprywatny, społeczeństwo, publiczność"
thus,"zatem, tak więc, w ten sposób, stąd"
whether,czy
process,"proces, przebieg, postępowanie, analizować"
county,"hrabstwo, powiat"
present,"prezent, teraźniejszość, obecny, przedstawiać"
available,"dostępny, wolny"
president,"prezydent, prezydentka, prezes"
amount,"suma, kwota, ilość, wynosić"
land,"ziemia, ląd, kraj, teren, lądować"
economic,"ekonomiczny, gospodarczy, rentowny"
including,"w tym, wliczając w to"
required,"nieodzowny, niezbędny"
percent,procent
provided,"o ile, pod warunkiem, że"
policy,"polityka, norma, polisa, podejście"
property,"własność, mienie, nieruchomość, cecha"
analysis,analiza
least,"najmniej, najmniejszy"
various,"różnorodny, rozmaity"
though,"choć, jednak, mimo wszystko"
management,"zarząd, zarządzanie"
tax,"podatek, opodatkowywać"
district,"okręg, region, dzielnica, dystrykt, rejon"
industry,"przemysł, branża"
terms,"warunki, terminy"
press,"prasa, drukarnia, wydawnictwo, naciskać, prasować"
current,"aktualny, bieżący, współczesny, prąd, elektryczny, natężenie prądu, przepływ"
income,"dochód, przychód"
application,"podanie, zastosowanie, aplikacja, zgłoszenie"
union,"unia, związek, zjednoczenie, związek małżeński, suma"
treatment,"traktowanie, leczenie, terapia, oczyszczanie, uzdatnianie"
surface,"powierzchnia, strona, powierzchniowy, gładzić, polerować, wypłynąć"
central,"centralny, środkowy, główny, zasadniczy"
basis,podstawa
able,"zdolny, umiejętny, zręczny, mogący, móc, być w stanie"
council,"rada, komitet"
growth,"rozwój, wzrost, przyrost, narośl"
according,według
feet,"stopa, stopy"
construction,"budowa, budowanie, budownictwo, konstrukcja"
authority,"władza, autorytet, uprawnienie"
series,"seria, cykl, szereg, łańcuch, serial"
main,"główny, centralny, zasadniczy"
equipment,"wyposażenie, ekwipunek, sprzęt, aparatura, urządzenie"
operation,"operacja, działanie"
obtained,"otrzymany, uzyskany"
administration,"administracja, zarząd, rząd, kierownictwo"
theory,teoria
annual,"rocznik, coroczny, roczny"
decision,decyzja
respect,"wzgląd, szacunek, poszanowanie, dotyczyć"
generally,"ogólnie, generalnie, zazwyczaj, zwykle"
agreement,"ugoda, porozumienie, zobowiązanie, zgoda, umowa, przyzwolenie, zgodność"
financial,finansowy
organization,organizacja
effective,"efektywny, skuteczny, obowiązujący"
distribution,"dystrybucja, rozdawanie, rozdzielanie, rozkładanie, rozprowadzanie, rozkład"
security,"bezpieczeństwo, rękojmia, zabezpieczenie, ochrona, służba, gwarancja, poręczenie, papier wartościowy"
limited,"ograniczony, z ograniczoną odpowiedzialnością"
insurance,ubezpieczenie
industrial,"przemysłowy, uprzemysłowiony"
function,"funkcja, zadanie, impreza, funkcjonować"
resources,"zasoby, środki"
record,"zapisać, zarejestrować, nagrać, rejestr, zapis, rekord"
written,pisemny
journal,"dziennik, czasopismo"
loss,"strata, utrata"
individual,"indywidualny, poszczególny, osoba"
requirements,wymagania
employment,"zatrudnienie, praca"
volume,"głośność, objętość, tom"
region,"region, obszar, okolica"
particularly,szczególnie
involved,"zaangażowany, wciągnięty, zawiły"
sometimes,czasami
legal,"prawny, prawowity, legalny, sądowy"
length,"długość, odległość, czas trwania"
approach,"podejście, zbliżać się, podchodzić"
associated,"związany, powiązany"
civil,"obywatelski, cywilny"
movement,"ruch, nurt, prąd, poruszenie, poruszać się"
disease,choroba
miles,mile
relations,"relacje, stosunki"
funds,"środki, fundusze"
cells,komórki
army,"armia, wojsko, wojskowy"
relationship,"związek, powiązanie, stosunek, relacja"
charge,"opłata, zarzut, oskarżenie, natarcie, ładować, obciążać"
extent,"stopień, zakres, zasięg, rozpiętość"
flow,"przepływ, prąd, płynąć, krążyć"
supply,"podaż, zaopatrzenie, dostawa, dostarczać"
protection,ochrona
throughout,"przez cały, wszędzie"
institute,instytut
unless,"chyba że, o ile, nie"
capacity,"pojemność, objętość, zdolność, wydajność, przepustowość, zdolność prawna"
judgment,"pogląd, opinia, wyrok, orzeczenie, ocena"
observed,"zaobserwowany, obserwować"
former,"były, dawny, poprzedni"
engineering,"inżynieria, inżynieryjny"
demand,"wymaganie, żądanie, roszczenie, popyt, zapotrzebowanie, wymagać, żądać, domagać się"
risk,"ryzyko, zagrożenie, ryzykować"
directly,bezpośrednio
standards,"standardy, normy"
steel,"stal, stalowy"
safety,"bezpieczeństwo, poczucie bezpieczeństwa"
previous,"poprzedni, przedwczesny"
entire,"cały, kompletny, całkowity, pełny"
justice,"sprawiedliwość, wymiar sprawiedliwości, sędzia"
rest,"odpoczynek, reszta, pauza, odpoczywać, opierać się, podpierać się"
agricultural,"rolny, rolniczy"
duty,"obowiązek, cło, opłata, służba, dyżur"
prepared,"przygotowany, przygotować"
equal,"równy, jednakowy, równać się"
assistance,"pomoc, wsparcie, ratunek"
otherwise,"inaczej, w przeciwnym razie, poza tym"
status,"status, prestiż"
presence,"obecność, prezencja"
regulations,"przepisy, regulaminy"
defined,"zdefiniowany, określony"
benefits,"korzyści, świadczenia, zalety, korzystać"
concerned,"zaniepokojony, zainteresowany"
elements,"elementy, składniki"
active,"aktywny, czynny, operatywny, promieniotwórczy, radioaktywny"
consideration,"przemyślenie, rozważanie, uwaga, wzgląd"
failure,"niepowodzenie, porażka, zaniedbanie, niewydolność, defekt"
maximum,"maksimum, maksymalny"
environmental,"środowiskowy, ekologiczny, dotyczący środowiska"
aid,"pomoc, pomagać, wspomagać, wspierać"
connection,"połączenie, przesiadka, koneksja, znajomość, związek, skojarzenie"
literature,literatura
independent,"niezależny, niepodległy, suwerenny, neutralny, bezpartyjny"
sufficient,"wystarczający, dostateczny, wystarczalny"
upper,"górny, wyższy, wierzchni"
reduced,"zmniejszony, zredukowany"
iron,"żelazo, żelazko, prasować"
complex,"kompleks, zespół, skomplikowany, złożony, zawiły"
relative,"krewny, krewna, względny, pokrewny, odnosić się"
chemical,"chemiczny, substancja chemiczna"
coal,węgiel
southern,południowy
immediately,"natychmiast, niezwłocznie, od razu"
distance,odległość
bureau,"biuro, agencja, biurko, wydział"
commercial,"komercyjny, handlowy, reklama"
progress,"postęp, czynić postępy"
measures,"środki, miary, mierzyć"
economy,"gospodarka, ekonomia, oszczędność"
positive,"pozytywny, dodatni, korzystny, pewien"
religious,"religijny, zakonnik, zakonnica"
access,"dostęp, dojście, prawo"
transportation,"transport, przewóz"
internal,wewnętrzny
cultural,"kulturalny, kulturowy"
historical,"historyczny, dawny"
balance,"bilans, równowaga, balansować, wyrównywać"
defense,"obrona, defensywa, osłona"
content,"treść, zawartość, objętość, istota"
hearing,"słuch, posłuch, rozprawa, przesłuchanie"
examination,"badanie, egzamin, kontrola"
approximately,"około, w przybliżeniu"
introduction,"wprowadzenie, przedmowa"
minimum,"minimum, minimalny"
motor,"silnik, motoryzacyjny"
critical,"krytyczny, istotny, kluczowy"
agriculture,rolnictwo
selected,"wybrany, selekcjonowany"
occur,"występować, zdarzać się"
spirit,"duch, nastrój, spirytus"
regional,regionalny
serious,"poważny, znaczący"
features,"cechy, funkcje, elementy"
none,"żaden, nic, nikt"
considerable,"znaczny, pokaźny"
maintenance,"utrzymanie, konserwacja"
professor,profesor
principles,"zasady, fundamentalne reguły"
judge,"sędzia, oceniać, rozstrzygać"
characteristics,"charakterystyka, cechy"
majority,większość
approved,"zatwierdzony, zaakceptowany"
essential,"niezbędny, zasadniczy"
reduction,"redukcja, obniżenie"
proceedings,"postępowania, obrady"
northern,północny
highly,"wysoce, bardzo"
object,"przedmiot, obiekt, sprzeciwiać się"
grant,"dotacja, grant, przyznać"
rise,"wzrastać, wschodzić, wzrost"
located,"zlokalizowany, położony"
teaching,"nauczanie, dydaktyka"
reasonable,"rozsądny, sensowny, umiarkowany"
responsible,odpowiedzialny
practical,"praktyczny, nadający się do praktycznego zastosowania"
firm,"firma, przedsiębiorstwo, solidny, stanowczy, twardy"
instance,"instancja, egzemplarz, sytuacja, przypadek, przykład"
relatively,"stosunkowo, względnie"
expenses,"wydatki, koszty"
frequency,"częstotliwość, częstość, częstotliwościowy"
responsibility,"odpowiedzialność, obowiązek"
variety,"zróżnicowanie, różnorodność, rozmaitość, szeroki wybór, rodzaj, gatunek, odmiana językowa, odmiana mowy"
contains,"zawierać, zawiera"
appeal,"apelacja, apel, wezwanie, odezwa, zew, urok, apelować, zaapelować, wzywać, zaskarżyć, pociągać"
treated,"leczony, traktowany, poczęstowany"
containing,zawierający
nuclear,"jądrowy, nuklearny"
existence,"istnienie, egzystencja, byt, życie"
christian,"chrześcijanin, chrześcijanka, chrześcijański"
location,"lokalizacja, umiejscowienie, położenie, miejsce"
election,wybory
eastern,wschodni
foundation,"fundacja, ufundowanie, fundament, podkład"
network,sieć
investigation,"śledztwo, badanie, dociekanie"
mental,"psychiczny, umysłowy, mentalny, stuknięty"
laboratory,"laboratorium, pracownia, laboratoryjny"
determination,"determinacja, ustalenie, określenie"
pattern,"wzór, wykrój, szablon"
concept,"pojęcie, koncepcja"
fuel,"paliwo, opał, napęd, napędzać, podsycać"
completely,"całkowicie, absolutnie, gruntownie, doszczętnie"
merely,"tylko, jedynie"
improvement,"poprawa, polepszenie, udoskonalenie, ulepszenie, usprawnienie"
representative,"przedstawiciel, przedstawicielka, reprezentant, reprezentantka, kongresman, kongresmenka, reprezentatywny, przedstawicielski, reprezentacyjny, charakterystyczny"
intended,"przeznaczony, zamierzony, planowany"
techniques,"technika, metoda, techniki"
appointed,"mianowany, powołany, desygnowany"
forth,"naprzód, dalej, z ukrycia"
bonds,"obligacje, więzi, spoiwa"
maintain,"utrzymywać, podtrzymywać, twierdzić, zachowywać"
entirely,"całkowicie, kompletnie, zupełnie"
frequently,często
vice,"imadło, zastępca, wada"
constitution,"konstytucja, ustrój, budowa ciała"
comparison,"porównanie, stopniowanie"
aspects,aspekty
despite,"mimo, pomimo, niezależnie od"
removed,"usunięty, odseparowany"
ordinary,"zwykły, zwyczajny, przeciętny"
concentration,"koncentracja, skupienie, stężenie"
relating,"odnoszący się, dotyczący"
railroad,"kolej, linia kolejowa"
affected,"dotknięty, poruszony, afektowany"
alternative,"alternatywa, alternatywny"
assets,"aktywa, majątek, zasoby"
governor,"gubernator, zarządca, członek zarządu, naczelnik więzienia"
pain,"ból, utrapienie, męka, trud, sprawiać ból"
processing,"przetwarzanie, przetwórstwo, przerób"
storage,"przechowywanie, magazynowanie, magazyn, pamięć"
assistant,"asystent, asystentka, pomocnik, pomocnica, zastępca, pomocniczy"
worth,"wartość, wartościowość, użyteczność, wart, zasługiwać na"
definition,definicja
conclusion,"konkluzja, wniosek"
damage,"uszkodzenie, szkoda, odszkodowanie, uszkadzać, szkodzić, niszczyć"
slightly,"lekko, nieco, trochę"
absence,"nieobecność, brak"
permit,"pozwolenie, przepustka, pozwalać"
limit,"granica, limit, ograniczenie, ograniczać"
transport,"transport, transportowy, transportować, przewozić"
respectively,odpowiednio
railway,kolej
connected,"połączony, powiązany, związany"
waste,"odpad, odpady, marnotrawstwo, strata, marnować, marnotrawić, niszczyć, bezwartościowy, odpadowy"
conducted,"przeprowadzony, prowadzony"
session,"sesja, posiedzenie"
experiments,"eksperymenty, doświadczenia"
selection,"selekcja, wybór"
opening,"otwarcie, początek, inauguracja, oferta pracy, debiut, otwarty, początkowy, przestrzeń, dziura"
extended,"rozszerzony, przedłużony, rozbudowany"
stress,"stres, presja, nacisk, naprężenie, akcent, podkreślenie, obciążać, akcentować, podkreślać"
guide,"przewodnik, przewodniczka, oprowadzać, wskazówka, instrukcja"
occurs,"występować, zdarzać się, pojawiać się"
religion,religia
marked,"oznaczony, wyraźny, znaczący, wyróżniony, naznaczony"
politics,polityka
permanent,"stały, trwały, stabilny, nieprzerwany, ciągły, wieczny"
broad,"szeroki, ogólny, rozległy"
debt,dług
please,"prosić, sprawiać przyjemność, zadowalać, dogadzać"
lay,"kłaść, położyć, znosić, laicki, laik"
race,"wyścig, rasa, ścigać się, zgłaszać się do"
sex,"płeć, seks"
reserve,"rezerwa, zapas, rezerwat, rezerwować, zastrzeżenie, zachować, odraczać, odkładać, powściągliwość"
sort,"rodzaj, typ, gatunek, klasyfikować, sortować, porządkować, segregować"
van,"furgonetka, samochód dostawczy"
skin,"skóra, skórka, karnacja, osłona, obdzierać, usuwać naskórek"
season,"sezon, pora roku, seria, przyprawiać"
combination,"kombinacja, połączenie, mieszanka"
recognized,"rozpoznany, uznany"
gain,"zyskiwać, zyskać, zdobywać, zdobyć, osiągać, osiągnąć, zysk, korzyść, zdobycz, przyrost, wzrost, wzmocnienie"
largely,"w dużej mierze, przeważnie"
port,"port, przystań, port morski, port lotniczy, otwór, szczelina, brama, burta, wino portowe"
mexico,Meksyk
conflict,"konflikt, spór, zatarg, sprzeczność, walka, kolidować"
engaged,zaręczony
origin,"pochodzenie, początek, źródło, geneza"
solid,"solidny, stały, ciało stałe, bryła"
numerous,liczny
vehicle,pojazd
substantial,"istotny, pokaźny, znaczny"
preparation,"przygotowanie, przygotowania, preparacja, przygotowywać"
command,"polecenie, komenda, rozkaz, kierownictwo, dowództwo, rozkazywać, kontrolować"
joint,"staw, połączenie, złącze, spęcie, joint, skręt"
efficiency,"skuteczność, wydajność, sprawność"
possibility,możliwość
republic,republika
documents,dokumenty
combined,"połączony, złożony, łączny"
derived,"pochodny, wyprowadzony"
establishment,"ustalenie, ustanowienie, kierownictwo, zakład, placówka, elita"
composition,"kompozycja, utwór, układ, skład"
signal,"sygnał, zapowiedź, sygnalizować, zapowiadać"
electrical,elektryczny
depth,"głębokość, głębia"
brief,"krótki, zwięzły, streszczenie, skrót, streścić"
entry,"wpis, zgłoszenie, odprawa, wejście, zapis, hasło"
edge,"krawędź, brzeg"
global,"globalny, całościowy, światowy"
injury,"zranienie, obrażenie, uraz"
consumption,"konsumpcja, spożycie, zużycie"
immediate,"natychmiastowy, bezpośredni"
bound,"związany, zobowiązany, granica"
properly,"właściwie, poprawnie, odpowiednio"
inches,cale
laid,"położyć, ułożyć"
moreover,"ponadto, oprócz tego, poza tym"
edition,"wydanie, edycja, redagowanie"
excess,"nadmiar, nadwyżka, nadpłata, nadmierny, dodatkowy"
fall,"jesień, upadek, spadać, upadać, opadać"
reality,rzeczywistość
quantity,"ilość, wielkość"
layer,warstwa
proof,"dowód, próba, test, korekta, odbitka próbna, odporny, stopień zawartości alkoholu, impregnacja"
assumed,"przyjęty, domniemany, przypuszczalny"
liquid,"ciecz, ciekły, płynny"
affect,"wpływać, oddziaływać, wywoływać, wzruszać, poruszać, afekt"
typical,"typowy, charakterystyczny"
cancer,"rak, nowotwór złośliwy"
dependent,"zależny, uzależniony, uwarunkowany, podrzędny, osoba zależna"
instruction,"instrukcja, polecenie, dyrektywa, przepis, wskazówka, instruktaż"
findings,"wyniki, ustalenia, odkrycia, spostrzeżenia"
mechanical,"mechaniczny, bezwiedny, automatyczny"
proportion,"stosunek, proporcja, odsetek"
recommended,"zalecany, polecany, polecać, zalecać"
engine,"silnik, motor, lokomotywa, aparat, napęd"
channel,"kanał, koryto, telewizyjny, kierować, kanalizować"
primarily,"głównie, przede wszystkim"
consumer,"konsument, klient, nabywca, odbiorca"
philosophy,"filozofia, światopogląd"
pounds,"funt, funty"
settlement,"ugoda, porozumienie, osada, rozstrzygnięcie, rozliczenie, zasiedlenie, osadnictwo"
desire,"ochota, chęć, pragnienie, pożądanie, pragnąć, pożądać"
cotton,"bawełna, bawełniany"
marine,"morski, marynarski"
proved,"udowodniony, dowiedziony, udowodnić, dowieść"
delivery,"dostarczanie, dostawa, doręczenie, poród"
closely,"dokładnie, z bliska, blisko"
mission,"misja, zadanie"
anti,"przeciw, anty"
aware,"świadomy, poinformowany, powiadomiony"
approval,"akceptacja, zgoda, pochwała, zatwierdzenie"
monthly,"miesięcznik, miesięczny, comiesięczny, co miesiąc"
continuous,"ciągły, ustawiczny"
device,"urządzenie, przyrząd"
rapid,"szybki, gwałtowny, wartki"
minor,"drobny, pomniejszy, drugorzędny, nieletni, małoletni, molowy"
ensure,"zapewnić, zagwarantować, zadbać o"
contribution,"wkład, zasługa, datek, składka"
protect,"chronić, zabezpieczać, udzielać ochrony"
observations,"obserwacje, spostrzeżenia"
electronic,"elektroniczny, elektronowy"
recovery,"powrót do zdrowia, wyzdrowienie, odzyskanie"
leadership,"przywództwo, kierownictwo, przewodzenie"
identity,tożsamość
severe,"srogi, surowy, dotkliwy, groźny"
rapidly,"szybko, gwałtownie"
calculated,"przemyślany, wyrachowany, obliczony"
membership,członkostwo
career,"kariera, zawód"
pure,"czysty, nieskażony, kompletny"
apparent,"oczywisty, widoczny, pozorny"
formal,"formalny, oficjalny"
battle,"bitwa, walka, walczyć"
soul,"dusza, życie, wigor"
examined,"zbadano, przeanalizowano, sprawdzono"
sand,"piasek, pustynia"
measurements,"pomiary, wyniki pomiarów"
academic,"akademicki, uniwersytecki, naukowy"
nevertheless,"niemniej jednak, mimo to"
radiation,"promieniowanie, radiacja"
crop,"plon, uprawa, przycinać"
possession,"własność, posiadłość, posiadanie"
avenue,aleja
height,"wysokość, wzrost, szczyt, wyżyna"
cycle,"cykl, obieg, okres, seria"
obvious,"oczywisty, wyraźny, ewidentny, jawny"
sheet,"prześcieradło, kartka, arkusz"
proposal,"propozycja, wniosek, oświadczyny"
suddenly,nagle
vessels,"naczynie, okręt, statek, naczynie krwionośne"
superior,"przełożony, zwierzchnik, lepszy, wyższy, górny, pierwszorzędny, wyniosły"
mixed,"mieszany, zmieszany, przemieszany, wymieszany"
inspection,"inspekcja, kontrola"
conservation,"ochrona, rezerwat, konserwacja"
spanish,"hiszpański, Hiszpan, Hiszpanka"
democratic,demokratyczny
emphasis,"nacisk, podkreślenie, emfaza"
assigned,"przydzielony, przypisany, zlecony"
capable,"zdolny, uzdolniony, sposobny"
deposits,"depozyt, osad, złoże, deponować"
round,"okrągły, runda, kolejka, nabój, okrążać, zaokrąglać, wokół, dookoła"
decrease,"zmniejszanie, zmniejszać"
equally,"równo, jednakowo, podobnie, w równym stopniu, jednocześnie"
tissue,"chusteczka, tkanka"
secure,"pewny, bezpieczny, zabezpieczyć, umocować, zapewnić"
valuable,"wartościowy, cenny, kosztowny"
acquired,nabyty
scope,"zakres, zasięg, mikroskop, teleskop, endoskop"
significance,"znaczenie, ważność, istotność, waga"
criteria,"kryterium, kryteria"
revised,"zrewidowany, poprawiony, skorygowany"
fifth,piąty
plus,"plus, znak plus, dodatni, oprócz, dodatkowo"
diameter,średnica
vision,"wizja, widzenie, obraz, objawienie, proroctwo, zjawa, wzrok"
steam,"para, parować, gotować na parze"
delivered,"dostarczony ,dostarczać, dostarczyć, wygłaszać, odebrać poród"
enemy,"wróg, nieprzyjaciel, przeciwnik, nieprzyjacielski"
unable,"niezdolny, nie móc, nie być w stanie"
interaction,"oddziaływanie, interakcja"
unique,"unikat, unikatowy, wyjątkowy, niepowtarzalny"
via,"przez, poprzez"
efficient,"wydajny, efektywny, produktywny, sprawny"
curve,"krzywa, łuk, zakrzywienie, zakręt, krzywić, wyginać, zaokrąglać"
denied,"odmówić, odmawiać, zaprzeczyć, odrzucony"
angle,"kąt, róg, punkt widzenia, perspektywa"
economics,"ekonomia, ekonomika"
distributed,"dystrybuować, rozdzielać, rozprowadzać, rozdzielony, rozłożony"
organic,"organiczny, ekologiczny"
comments,"komentarz, uwaga, komentarze"
temporary,"tymczasowy, przejściowy, chwilowy"
sequence,"kolejność, następstwo, sekwencja, ciąg"
experienced,doświadczony
category,kategoria
declared,"zadeklarowany, oświadczyć, deklarować"
currently,"obecnie, aktualnie"
violence,"przemoc, gwałtowność"
suppose,"przypuszczać, zakładać, sądzić"
boundary,granica
confidence,"zaufanie, pewność siebie, przeświadczenie"
stream,"strumień, potok, płynąć, napływać, strumień danych"
parameters,"parametr, parametry"
belief,"wiara, przekonanie, wyznanie"
contrary,"przeciwny, sprzeczny, przeciwieństwo, przeciwnie"
eventually,"ostatecznie, w końcu, docelowo"
opposition,"opozycja, sprzeciw, opór"
arrangement,"aranżacja, ustawienie, układ, ułożenie, zestaw, porozumienie, umowa, ustalenie"
absolute,"absolutny, bezwarunkowy, bezwzględny, całkowity, absolut"
objectives,cele
crisis,kryzys
narrow,"wąski, ciasny, ograniczony, wąskotorowy, zwężać, zwężać się, kurczyć się, mrużyć"
household,"gospodarstwo domowe, domownik, służba, rodzina, domowy, gospodarczy"
alcohol,alkohol
registered,"zarejestrowany, rejestrować"
oxygen,tlen
literary,literacki
pipe,"rura, fajka, przewód, fajka do palenia, gwizdek bosmański"
committed,"zaangażowany, oddany"
electron,elektron
holy,święty
behalf,w imieniu
concluded,"zakończyć, zakończony, wnioskować, wywnioskować"
wire,"drut, kabel, przewód, telegram, depesza, podsłuch, wysyłać, podłączać"
obviously,"oczywiście, widocznie, wyraźnie, najwyraźniej"
tend,"mieć skłonność do, skłaniać się ku, opiekować się, doglądać, zmierzać"
flat,"mieszkanie, lokal, płaski, równina, bemol"
visual,"wizualny, wzrokowy"
symptoms,"objaw, symptom"
constructed,"zbudowany, skonstruowany, konstruować"
plain,"równina, płaszczyzna, prosty, zwyczajny, po prostu"
mutual,"wzajemny, obopólny, wspólny"
aside,"na bok, uwaga, wtrącenie"
mere,"zwykły, zwyczajny, nieznaczny, niewielki, sam, czysty, jedynie"
similarly,"podobnie, analogicznie"
demonstrated,"demonstrować, zademonstrować, zademonstrowany"
limitations,"ograniczenia, ograniczenie"
ocean,ocean
spiritual,"duchowy, religijny"
exposed,"odsłonięty, narażony, wyeksponowany"
refused,"odmówić, odrzucić"
registration,"rejestrowanie, zapis, rejestracja"
rare,"rzadki, rzadko, rozrzedzony, krwisty, niepospolity"
onto,na
induced,"wywołać, spowodować, skłonić, indukować, wywołany, spowodowany"
empire,"cesarstwo, imperium"
abstract,"abstrakt, streszczenie, streszczać, abstrakcyjny, oderwany"
formula,"formuła, wzór, recepta"
composed,"opanowany, złożony, skomponowany, komponować"
arranged,"umówiony, zaaranżowany, ułożony, aranżować"
normally,"zwykle, normalnie"
consequently,"w konsekwencji, w rezultacie"
occasion,"okazja, wydarzenie, powód"
besides,"oprócz, poza, ponadto, poza tym"
cattle,"bydło, żywy inwentarz, zwierzęta gospodarskie, inwentarz, majątek ruchomy"
furthermore,"ponadto, na dodatek, poza tym"
probability,prawdopodobieństwo
commonly,"powszechnie, zazwyczaj, zwykle"
modified,"zmodyfikowany, przerobiony, modyfikować"
italian,"włoski, Włoch, Włoszka"
infection,infekcja
accurate,dokładny
extreme,"skrajny, ekstremalny, skraj, ekstremum"
incorporated,"rejestrowy ,zarejestrowany, spółka akcyjna, włączony, zintegrowany"
option,"opcja, wybór, możliwość"
settled,"ustalony, osiedlić się, załatwić, uregulować"
compounds,"związki chemiczne, kompleksy"
mineral,"minerał, mineralny"
involves,"zawierać, obejmować, wiązać się z, angażować"
bulletin,"biuletyn, komunikat"
qualified,"kwalifikowany, wykwalifikowany, dyplomowany, kompetentny, ograniczony, warunkowy, z zastrzeżeniem, upoważniony do"
stable,"stabilny, stajnia"
funding,"fundowanie, finansowanie"
announced,"ogłoszony, zapowiedziany, ogłaszać, zapowiadać"
evident,"ewidentny, widoczny, oczywisty"
proceeding,"postępowanie, posiedzenie, przebieg, kontynuowanie"
unemployment,bezrobocie
psychological,psychologiczny
enable,"umożliwiać, upoważniać, włączyć, aktywować, uruchamiać"
partial,"częściowy, fragmentaryczny, niekompletny, stronniczy"
academy,"akademia, szkoła wyższa"
chemistry,"chemia, chemia między ludźmi"
sharp,"ostry, nagły, wyraźny, krytyczny, pikantny, gryzący, błyskotliwy, nuta podwyższona o pół tonu"
burden,"ciężar, brzemię, ładunek, obarczać, obciążać, uciemiężać"
poetry,poezja
naturally,"naturalnie, oczywiście, z natury, zwyczajnie"
copyright,"prawo autorskie, zastrzegać"
outstanding,"wybitny, znakomity, wyróżniający się, zaległy, nieuregulowany"
separation,"rozdzielenie, oddzielenie, rozstanie, rozłąka, separacja"
gentleman,"pan, dżentelmen"
customs,"cło, opłata celna, odprawa celna, urząd celny, służba celna, zwyczaje"
occupied,"zajęty, okupowany, zaludniony, obsadzony"
physics,fizyka
accompanied,"towarzyszyć, towarzyszący, w towarzystwie"
atlantic,"Atlantyk, atlantycki"
outer,zewnętrzny
tendency,"skłonność, tendencja"
whenever,"kiedy, tylko, kiedykolwiek"
constitute,"stanowić, tworzyć, ustanawiać, konstytuować, składać się na"
monitoring,"monitoring, monitorowanie, nadzór, kontrola"
atmosphere,"atmosfera, sfera, aura, nastrój"
fax,"faks, telefaks, faksować, przefaksować"
distinction,"rozróżnienie, różnica, wyróżnienie, odznaka, dystynkcja, odznaczenie"
climate,"klimat, strefa, region, kontekst, sytuacja"
intention,"zamiar, intencja"
league,liga
assist,"pomagać, asystować"
participants,"uczestnik, uczestnicy"
border,"granica, skraj, obwódka, lamówka, bordiura, graniczny, przygraniczny, obramować, okalać"
remarks,"uwagi, komentarze, spostrzeżenia"
struggle,"zmagać się, walczyć, bić się, borykać się, dążyć, usiłować, walka, bój, zmaganie, szarpanina"
democracy,"demokracja, ludowładztwo, demokratyczny"
muscle,mięsień
competitive,"konkurencyjny, współzawodniczący, rywalizujący"
promote,"awansować, promować, reklamować, wspierać, popierać"
presentation,"prezentacja, przedstawienie, pokaz"
increasingly,"coraz bardziej, rosnąco"
canal,"kanał, przewód"
discovery,odkrycie
link,"połączenie, odnośnik, odsyłacz, łącze, hiperłącze, łączyć, wiązać, złączyć, kojarzyć"
satisfied,"zadowolony, usatysfakcjonowany"
terminal,"terminal, stacja końcowa, terminal komputerowy, końcowy, śmiertelny"
definite,"definitywny, pewny, ostateczny, określony"
vast,"obszerny, rozległy, ogromny, szeroki"
informed,"poinformowany, informować, zawiadomić"
vary,"różnić się, zmieniać się, zmieniać, urozmaicać"
generated,"wygenerowany, generować, wytworzony, spowodowany"
emotional,"uczuciowy, emocjonalny"
poverty,"bieda, ubóstwo"
accuracy,"dokładność, ścisłość, akuratność, precyzja"
communist,"komunista, komunistka, komunistyczny"
basin,"miska, misa, zlew, umywalka, miednica, dorzecze, niecka"
rubber,"guma, gumka, prezerwatywa, gumowy"
discrimination,"dyskryminacja, rozróżnianie"
prison,"więzienie, zakład karny"
acceptance,"akceptacja, przyjęcie"
visible,"widoczny, zauważalny, dostrzegalny"
parallel,"równoległy, paralela, równolegle, odpowiednik, podobny"
retail,"detal, handel detaliczny, detaliczny, sprzedaż detaliczna, sprzedawać detalicznie"
minority,"mniejszość, mniejszościowy"
divine,"boski, przepowiadać, domyślać się, zgadywać"
huge,"ogromny, wielki, potężny, olbrzymi"
defence,"obrona, defensywa, umocnienia, obrońca"
fit,"pasować, zgadzać się, montować, mocować, być w formie, mieścić się, wyposażyć, dopasować, odpowiedni, właściwy, napad, atak"
weapons,broń
satisfaction,"satysfakcja, zadowolenie"
irish,"Irlandczyk, Irlandka, irlandzki"
exact,"dokładny, precyzyjny, dokładnie"
strategic,strategiczny
threat,"zagrożenie, groźba"
taxation,"opodatkowanie, nakładanie podatków"
tank,"zbiornik, czołg, tankować"
inquiry,"zapytanie, dochodzenie, ankieta, sondaż, wywiad"
heaven,"niebo, raj"
guidance,"porada, wskazówka, zalecenie, instrukcja, poradnictwo, pokierowanie"
australian,"Australijczyk, Australijka, australijski"
trend,"tendencja, trend, moda, tendencja rozwojowa, dążyć, zmierzać"
intermediate,"pośredni, przejściowy, średnio zaawansowany"
absolutely,"absolutnie, całkowicie, zupełnie, bezwarunkowo, koniecznie, oczywiście, w pełni"
breath,"oddech, dech, tchnienie"
contribute,"przyczyniać się, wnosić, dołożyć"
typically,"typowo, zazwyczaj"
depression,"depresja, obniżenie"
frequent,częsty
rendered,"oddawać, przedstawiać, renderować, wyrenderować"
restricted,"ograniczony, restrykcyjny, ograniczać"
classical,"klasyczny, konwencjonalny"
destruction,"zniszczenie, destrukcja"
beneath,"pod, poniżej, pod spodem"
classified,"poufny, tajny, ogłoszenie drobne"
digital,cyfrowy
financing,finansowanie
trading,"handel, handlowy"
exclusive,"ekskluzywny, wyłączny, zastrzeżony"
strain,"napięcie, stres, szczep, odmiana, obciążenie, odkształcenie, napinać, naprężać, nadwyrężać, cedzić, przecedzić"
fellow,"kolega, znajomy, facet, pracownik naukowy"
respective,"odpowiedni, odnośny, indywidualny, poszczególny"
guilty,"winny, zawiniony"
furnished,"umeblowany, wyposażony"
surgery,"operacja, zabieg chirurgiczny, chirurgia, gabinet lekarski"
rank,"ranga, stopień, klasa, rząd, zaliczać, klasyfikować"
occasionally,"sporadycznie, czasami, okazjonalnie"
era,"era, epoka"
advisory,"doradczy, poradczy, ostrzegawczy, komunikat ostrzegawczy"
arise,"wstawać, powstawać, ukazywać się, wyłaniać się, wynikać"
accomplished,"znakomity, utalentowany, ukończony"
residents,"mieszkaniec, mieszkańcy"
decline,"zanik, zanikanie, spadek, upadek, spadać, maleć, odmawiać, odrzucać"
incident,"wydarzenie, incydent, zajście, wypadek"
electricity,elektryczność
declaration,"deklaracja, proklamacja, oświadczenie"
bishop,"biskup, goniec"
surely,"na pewno, z pewnością, niewątpliwie"
producers,"producent, producentka, wytwórca"
resolved,"rozwiązany, rozwiązywać, rozstrzygnąć, zdecydowany, zdeterminowany"
admission,"wstęp, wejście, wpuszczenie, dopuszczenie, przyjęcie, dostęp, przyznanie się, uznanie"
surrounding,"otoczenie, okoliczny, otaczający"
confirmed,"potwierdzony, potwierdzać, potwierdzić"
transformation,"transformacja, przekształcenie, przemiana, przetwarzanie"
moderate,"umiarkowany, powściągliwy, umiarkować, łagodzić, powściągać"
tobacco,"tytoń, tabaka, tytoniowy"
fingers,"palec, palce"
notion,"pojęcie, wyobrażenie"
gene,gen
pub,"pub, gospoda"
attended,"uczęszczany, uczestniczyć, brać udział"
characterized,"charakteryzowany, charakteryzować, cechować"
promotion,"promocja, awans"
logic,"logika, rozumowanie"
wing,"skrzydło, boczna część budynku, polityczne skrzydło"
currency,"waluta, powszechny zwyczaj, uznanie"
rail,"szyna, tor kolejowy, reling, barierka, kolej"
steady,"stały, stabilny, równomierny, umacniać, utrwalać"
negotiations,negocjacje
liver,"wątroba, wątróbka"
disability,"niepełnosprawność, niesprawność, inwalidztwo"
rarely,"rzadko, sporadycznie"
tension,"napięcie, naprężenie, stan napięcia, napiętość"
remarkable,"znakomity, wybitny, nadzwyczajny, niezwykły"
atomic,"atomowy, niepodzielny"
poet,"poeta, poetka"
adapted,"adaptowany, przystosowany, adaptować"
participate,"uczestniczyć, brać udział"
taste,"gust, smak, apetyt, smakować, upodobanie"
pupils,"uczniowie, uczennice, źrenice"
respond,"odpowiadać, reagować, odpowiadać na, responsorium"
prayer,"modlitwa, prośba"
survival,"przetrwanie, przeżycie"
impression,"wrażenie, odcisk, impresja, parodia, stempel, wycisk"
owing,"zaległy, dłużny, z powodu"
prominent,"wybitny, sławny, znaczący, widoczny, rzucać się w oczy, prominentny"
gap,"przerwa, dziura, luka, szczelina, odstęp"
narrative,"narracja, opowiadanie, narracyjny"
artist,"artysta, artystka"
illness,"choroba, schorzenie"
profession,"zawód, profesja, fach"
objection,"zarzut, sprzeciw, zastrzeżenie"
bull,"byk, bzdura"
rejected,"odrzucony, odrzucać, odmawiać"
governing,"rządzący, zarządzający, decydujący, normujący"
interstate,"międzystanowy, autostrada międzystanowa"
recall,"przypominać sobie, odwoływać, wzywać, pamięć, przywoływać"
blind,"ślepy, niewidomy, żaluzja, ślepiec"
ward,"oddział, szpitalny, wychowanek, podopieczny"
constantly,"stale, nieustannie, ciągle, wciąż"
mounted,"zamontowany, osiodłany, jeździć konno, montować, oprawiony"
differ,"różnić się, różnić, być odmiennym, nie zgadzać się"
metropolitan,"wielkomiejski, metropolitalny, mieszkaniec metropolii, metropolita"
circular,"okrągły, okrężny, okólnik, obwieszczenie, ulotka reklamowa"
graduate,"absolwent, absolwentka, ukończyć"
assignment,"zadanie, praca domowa, przydzielenie, przydział, cesja, przeniesienie"
installed,"zainstalowany, zamontowany, instalować, montować"
genetic,genetyczny
miscellaneous,"rozmaity, różnorodny"
score,"wynik, rezultat, partytura, dwudziestka, rachunek, naciąć, zdobyć, uzyskać"
virus,"wirus, wirus komputerowy"
experts,"ekspert, ekspertka, eksperci, znawca, fachowiec"
absent,"nieobecny, brakujący"
imperial,"cesarski, imperialny"
annually,"corocznie, rocznie, dorocznie"
sports,"sport, sporty"
taxable,"opodatkowany, podlegający opodatkowaniu"
accused,oskarżony
interval,"przedział, odstęp, interwał, przerwa"
achievement,"osiągnięcie, dokonanie, sukces"
newly,"niedawno, świeżo, dopiero co"
count,"liczyć, liczyć się, hrabia"
asian,"azjatycki, Azjata, Azjatka"
retained,"zachowany, utrzymany, zatrzymany, zatrzymywać"
curriculum,"program, program nauczania, plan nauczania"
proceeds,"wpływy, dochód, przebiegać, kontynuować"
filter,"filtr, filtrować, przesączać, odsączać"
afford,"pozwolić sobie, stać, oferować, dostarczać"
victory,"zwycięstwo, sukces"
burning,"piekący, palący, naglący, pilny, namiętny, rozpalony, spalanie, wypalanie"
specifications,"specyfikacja, specyfikacje, wymagania techniczne"
briefly,"krótko, zwięźle, pokrótce, krótko mówiąc"
awareness,"świadomość, uświadomienie, rozeznanie"
initially,"początkowo, wstępnie"
rough,"chropowaty, szorstki, nierówny, nieobrobiony, zgrubny, wstępny, pofalowany, burzliwy"
pump,"pompa, pompka, pompowanie, tłoczenie, pompować, tłoczyć, tryskać, nadmuchiwać, wypychać"
allowance,"kieszonkowe, dieta, zasiłek, ulga podatkowa, przydział, limit, uprawnienie"
package,"pakunek, paczka, pakiet, zestaw, opakowanie, pakować, zapakować"
horizontal,"poziomy, horyzontalny"
silent,"cichy, milczący, niemy, bezgłośny"
occurrence,"zdarzenie, wydarzenie, występowanie"
korea,Korea
phenomenon,zjawisko
trustees,"powiernicy, zarządcy, kuratorzy"
expanded,"rozszerzony, poszerzony, rozszerzać, poszerzać"
reliable,"niezawodny, godny zaufania, pewny, rzetelny"
preference,"preferencja, upodobanie, pierwszeństwo"
recover,"odzyskać, wyzdrowieć, dojść do siebie"
arc,"łuk, łuk elektryczny, tworzyć łuk, opadać łukiem"
fraction,"ułamek, część, odłamek, frakcja"
coefficient,współczynnik
tariff,"taryfa, cło, cennik, celny"
conservative,"konserwatywny, konserwatysta"
duke,"książę, pięść"
bibliography,bibliografia
moisture,"wilgoć, zawilgocenie"
aim,"cel ,celować, dążyć, zamiar, skierować, mieć na celowniku"
organizational,organizacyjny
shortly,"wkrótce, niedługo, zaraz"
punishment,"kara, karanie, ukaranie"
voluntary,"dobrowolny, ochotniczy"
christmas,"święta ,Boże Narodzenie, Święta Bożego Narodzenia, Gwiazdka"
saint,święty
drainage,"drenaż, odwodnienie"
scholars,"uczeni, badacze"
organisation,"organizacja, stowarzyszenie, organizowanie"
complicated,"skomplikowany, złożony, trudny"
regulatory,"regulacyjny, nadzorczy"
institutional,"instytucjonalny, instytucyjny"
phrase,"fraza, zwrot, wyrażenie"
orientation,"orientacja, ukierunkowanie, rozmieszczenie"
arrival,"przybycie, przyjazd, przylot"
diversity,"różnorodność, zróżnicowanie"
dramatic,"dramatyczny, teatralny, gwałtowny, nagły, krytyczny"
operational,"operacyjny, gotowy do akcji, funkcjonujący"
commodity,"towar, artykuł, surowiec"
dimensional,wymiarowy
breast,"pierś, sutek, biust"
sin,"grzech, wykroczenie"
slope,"zbocze, stok, nachylenie, pochylać się"
conscious,"świadomy, przytomny"
rehabilitation,"rehabilitacja, przywracanie do zdrowia, odnowa"
calcium,wapń
overcome,"pokonywać, przezwyciężać, opanować, pokonany, przezwyciężony"
shaft,"dyszel, snop, drzewce, trzonek, wał, szyb (górniczy), trzon"
favorable,"korzystny, przychylny, sprzyjający, dogodny"
revision,"korekta, poprawka, rewizja, wersja, powtórka, zmiana"
republican,"republikański, republikanin"
calculation,"rachunek, obliczenie, kalkulacja"
decree,"dekret, dekretować"
sleep,"spać, sen, spanie"
moscow,Moskwa
chronic,"przewlekły, chroniczny, notoryczny"
afterwards,"potem, później, następnie"
anxiety,"lęk, niepokój, trwoga, obawa, zatroskanie"
subcommittee,"podkomisja, podkomitet"
distant,"daleki, odległy, zdystansowany"
reflection,"odbicie, refleksja, namysł, zastanowienie, odzwierciedlenie"
coastal,"przybrzeżny, nadbrzeżny"
tongue,"język, ozór, mowa potoczna"
dairy,"mleczarnia, sklep mleczny, nabiał, nabiałowy, mleczny"
technological,"techniczny, technologiczny"
translated,"przetłumaczony, tłumaczony, tłumaczyć"
warning,"ostrzeżenie, przestroga, ostrzegać"
stem,"łodyga, pień, trzon, temat słowotwórczy, rdzeń, nóżka, hamować, tamować, powstrzymywać, wynikać"
dean,"dziekan, dziekanka"
simultaneously,"jednocześnie, równocześnie"
researchers,"badacze, naukowcy"
wildlife,"dzika przyroda, fauna"
switch,"przełącznik, włącznik, zwrotnica, przełączać, zmieniać"
harbor,"port, przystań, schronienie, azyl, ukrywać, przechować, być siedliskiem, żywić (uczucia)"
powder,"proch, proszek, puder, proszkować"
provincial,"prowincjonalny, regionalny, prowincja"
racial,"rasowy, rasistowski, odnoszący się do rasy"
confusion,"konfuzja, zmieszanie"
sensitivity,"wrażliwość, czułość, wyczulenie, wnikliwość, wrażliwy"
totally,"całkowicie, zupełnie, totalnie"
photographs,"fotografie, zdjęcia"
cement,"cement, cementowy, cementować"
lieutenant,"porucznik, porucznik marynarki, kapitan marynarki"
routine,"procedura, zwykły, porządek, rutyna, rutynowy"
rational,"racjonalny, wymierny"
hidden,"ukryty, schowany, skryty"
utilization,wykorzystanie
solely,"wyłącznie, jedynie"
extraordinary,"niezwykły, nadzwyczajny"
entity,"istota, jednostka, osoba, podmiot, encja"
vector,"wektor, nosiciel"
bargaining,negocjacje
prisoners,"więźniowie, osadzeni"
emperor,cesarz
nodded,"skinąć głową, skinął, kiwnął"
log,"kłoda, polano, rejestr, dziennik pokładowy, log, raport, dziennik, ścinać drzewo, logować, rejestrować, notować"
interference,"wtrącanie się, ingerencja, zakłócenie, interferencja"
molecules,cząsteczki
historic,historyczny
syndrome,"syndrom, zespół"
residential,"mieszkaniowy, mieszkalny"
neutral,"neutralny, obojętny"
bulk,"wielkość, masa, większość, hurt, duży, ilość, objętość"
proposition,"propozycja, twierdzenie, założenie, zaproponować"
northwest,"północny zachód, północno-zachodni, na północny zachód"
systematic,"systematyczny, planowy, uporządkowany"
serum,surowica
remainder,reszta
partially,częściowo
eliminate,"eliminować, wykluczać, likwidować, zlikwidować"
biology,biologia
mayor,"burmistrz, prezydent miasta"
taxpayer,podatnik
comfort,"komfort, wygoda, udogodnienie, otucha, pociecha, zapewniać, pocieszać"
productive,"wydajny, produktywny, urodzajny, płodny, owocny"
interface,"interfejs, sprzęgać, łączyć"
victim,ofiara
brazil,Brazylia
platform,"peron, platforma, podium, platforma polityczna"
suspension,"zawieszenie, wstrzymanie, suspensja"
demonstration,"demonstracja, pokaz, udowodnienie, wykazanie"
universe,wszechświat
possess,"posiadać, mieć, opętać"
diagram,"diagram, wykres"
herein,tu
pale,"blady, wyblakły, słaby, kiepski, blednąć, zblednąć"
oklahoma,Oklahoma
kentucky,Kentucky
colony,kolonia
secret,"sekret, tajemnica, sekretny, tajemniczy"
simulation,"udawanie, symulacja"
deed,"czyn, uczynek, akt prawny, dokument, wyczyn, postępek"
immigration,imigracja
sacred,"święty, uświęcony, poświęcony, nienaruszalny, sakralny"
altogether,"całkowicie, zupełnie, razem, ogółem"
tract,"traktat, rozprawa, połać, obszar, przewód"
jean,"drelich, dżins, jeansowy, dżinsowy"
reputation,"reputacja, dobre imię"
wright,"fachowiec, wykonawca, mechanik"
organ,"narząd, organ, organy, organ wykonawczy, organ władzy"
varies,"różnić się, wahać się, zmieniać się"
ethics,etyka
publishers,wydawcy
preserved,"zachowany, konserwowany"
termination,"zakończenie, wygaśnięcie, rozwiązanie umowy, aborcja"
franklin,"wolny kmieć, właściciel ziemski"
exploration,"badanie, eksploracja"
con,"oszukiwać, nabierać, naciągać, przekręt, skazaniec"
semi,"bliźniak, dom bliźniaczy, bliźniaczy"
transit,"przejazd, przewóz, tranzyt, przejeżdżać, przewozić, transportować, tranzytowy"
escape,"ucieczka, uciekać, unikać, ulatywać"
lumber,"tarcica, wycinać, wycinka, człapać"
preservation,"zachowanie, ochrona, zakonserwowanie"
allocation,"przydział, przydzielenie, przysądzenie, alokacja, umiejscowienie, przeznaczenie"
indication,"znak, wskazówka, oznaka, wskazywanie, oznaczanie"
merchant,"kupiec, handlarz, handlowiec, kupiecki, handlowy"
algorithm,algorytm
personally,osobiście
tion,cja
incidence,"częstość, częstotliwość, padanie"
massive,"masywny, ogromny"
diffusion,"rozprzestrzenianie, rozpowszechnianie, dyfuzja, rozpraszanie"
breeding,"hodowla, rozmnażanie, wychowanie"
baker,"piekarz, piekarka"
darkness,"ciemność, mrok"
remedy,"lekarstwo, remedium, środek zaradczy, zaradzać"
inhabitants,mieszkańcy
protective,ochronny
arbitration,arbitraż
grave,"grób, poważny"
gravity,"grawitacja, ciążenie, siła ciężkości, powaga"
anger,"gniew, złość, oburzenie, gniewać, denerwować, irytować"
intense,"intensywny, natężony, gwałtowny, silny"
definitely,"zdecydowanie, bez wątpienia, na pewno, niewątpliwie"
indirect,pośredni
arrest,"areszt, zatrzymanie, aresztować, zatrzymać, powstrzymać"
dividends,dywidendy
purely,"wyłącznie, jedynie, tylko, całkowicie, zupełnie, czysto"
deficiency,"wada, brak, niedobór, niedostatek"
comply,"dostosować się, zastosować się, przestrzegać"
discourse,"rozprawa, dyskurs"
encountered,"napotkać, napotkany, spotkać"
inter,"pochować, grzebać"
ordinance,"zarządzenie, rozporządzenie"
earl,hrabia
majesty,majestat
sole,"podeszwa, jedyny"
negligence,"zaniedbanie, niedbalstwo, lekceważenie, opieszałość"
scattered,"rozproszony, rozsiany, rozrzucony"
coordination,"koordynacja, koordynowanie, współdziałanie"
pregnancy,ciąża
exemption,zwolnienie
isbn,numer ISBN
format,"format, formatować"
tends,"opiekować się, pielęgnować, mieć tendencję"
dozen,"tuzin, dwanaście"
satellite,satelita
priest,"kapłan, duchowny, ksiądz"
civilian,"cywil, cywilny"
tiny,maleńki
uncertainty,niepewność
rotation,"obrót, rotacja"
premium,"premia, bonus, dopłata, składka ubezpieczeniowa, premiować, o wysokiej jakości, luksusowy"
widespread,"powszechny, rozpowszechniony"
somehow,jakoś
correction,"korekta, poprawka, poprawa"
defects,"wada, usterka, dezertować"
nutrition,żywienie
sweden,Szwecja
proud,dumny
emission,emisja
brick,"cegła, klocek, ceglany, unieruchomić"
crystal,"kryształ, krystaliczny, przejrzysty"
equality,równość
neighborhood,"sąsiedztwo, okolica, otoczenie, dzielnica"
empirical,"empiryczny, doświadczalny"
loop,"pętla, oczko, szlufka"
worthy,"zasługujący, godny, wart, warty"
cargo,"ładunek, towar"
reliability,"niezawodność, wiarygodność"
chiefly,"przede wszystkim, głównie, zwłaszcza"
whereby,"przez co, dzięki czemu, na mocy czego"
mechanics,mechanika
sphere,"kula, sfera"
chloride,chlorek
peculiar,"osobliwy, nietypowy, dziwaczny, charakterystyczny, specyficzny, właściwy, szczególny"
alabama,Alabama
monitor,"monitor, dyżurny, przyrząd, urządzenie, monitorować, nadzorować, obserwować"
attachment,"załącznik, przystawka, nasadka, zajęcie, przywiązanie"
ethical,etyczny
poland,Polska
receiver,"odbiornik, odbiorca, słuchawka, syndyk, paser, zarządca, likwidator, poborca"
aviation,lotnictwo
reconstruction,rekonstrukcja
configuration,konfiguracja
specialized,"wyspecjalizowany, specjalistyczny"
notwithstanding,"chociaż, pomimo, mimo, jednakże, niemniej jednak"
lift,"winda, podnośnik, dźwig, wyciąg, podniesienie, podnosić, podnieść, dźwignąć, znosić, ukraść"
multi,"wielo-, wielokrotnie"
appreciation,"uznanie, docenienie, wdzięczność, zrozumienie"
utah,Utah
spatial,przestrzenny
dealers,"handlarz, handlarze, diler, dilerzy, sprzedawca, sprzedawcy"
prosecution,"oskarżenie, oskarżać, ściganie, oskarżyciel, prokurator"
livestock,"zwierzęta gospodarskie, żywy inwentarz, bydło"
reservoir,"rezerwuar, zbiornik"
oxide,tlenek
analyzed,"analizować, analizowany"
prize,"nagroda, zdobycz, łup, cenić"
capture,"zdobycie, schwytanie, pojmanie, zbicie, kaptaż, zdobywać, chwytać, schwytać, pojmać, zbić, uchwycić, utrwalić"
restoration,"odtworzenie, odbudowa, przywrócenie, renowacja, restytucja"
deeper,"głębszy, bardziej intensywny"
pope,papież
southeast,"południowy wschód, południowo-wschodni, na południowy wschód"
lung,płuco
trail,"ścieżka, trop, szlak, śledzić, tropić"
honest,"uczciwy, szczery"
disclosure,"ujawnienie, zdemaskowanie"
organisms,"organizm, organizmy"
meanwhile,"tymczasem, w międzyczasie, przez ten czas"
constitutes,"stanowi, tworzy, zaliczać do"
rod,"pręt, pręcik, laska, wędka, oś, trzon"
freely,"swobodnie, do woli, bez ograniczeń"
zinc,"cynk, cynkować"
passion,"pasja, namiętność"
vacuum,"próżnia, odkurzacz, odkurzać"
urged,"nakłaniać, ponaglać, zachęcać"
guaranteed,"gwarantowany, zapewniony, zagwarantowany"
rely,"polegać, liczyć"
array,"tablica, szyk, zastęp, rozmieszczać, ustawiać w szeregu"
civilization,cywilizacja
lectures,"wykład, wykłady"
glory,"chwała, sława, chluba, zaszczyt, wspaniałość, szczycić się, chwalić się"
thereto,"do tego, przy tym"
operative,"operatywny, operacyjny, czynny, sprawny, skuteczny, agent, funkcjonariusz"
intensive,intensywny
isolation,"izolacja, odosobnienie, osamotnienie, separacja, rozdzielenie, oddzielenie"
wherever,gdziekolwiek
manuscript,"rękopis, manuskrypt"
cognitive,"kognitywny, poznawczy"
handbook,"podręcznik, przewodnik, poradnik"
tin,"cyna, puszka, cynować, puszkować"
arises,"pojawiać się, powstawać, wynikać"
hung,"powiesić, zawiesić, powieszony"
diverse,"różnorodny, rozmaity"
memorandum,"memorandum, notatka, memo"
wholesale,"hurtowy, hurtowo, handel hurtowy"
dedicated,"oddany, dedykowany, wyspecjalizowany, przeznaczony, wydzielony"
christianity,chrześcijaństwo
occasional,"sporadyczny, okazjonalny, rzadki, przypadkowy"
frozen,"zmarznięty, mrożony, zamarły, w bezruchu"
greece,Grecja
pace,"krok, szybkość, tempo, inochód, chodzić, kroczyć"
courage,"odwaga, męstwo"
valuation,"ocena, wycena, taksacja, oszacowanie, szacunek"
protocol,"protokół, sporządzać, protokołować"
essence,"esencja, sedno, istota"
integrity,"integralność, niepodzielność, prawość, uczciwość"
quantitative,ilościowy
litigation,"spór, sprawa sądowa, proces sądowy, postępowanie sądowe"
primitive,"prymitywny, pierwotny, prosty"
emerged,"pojawić się, wyłonić się"
furnace,"piec, palenisko"
nearby,"pobliski, blisko, w pobliżu, nieopodal"
precision,"precyzja, dokładność, ścisłość"
unlikely,"nieprawdopodobny, mało prawdopodobny, wątpliwy"
departure,"odejście, odjazd, wyjazd, wyruszenie, odlot"
determines,"określa, ustala, decyduje"
extends,"rozszerzać, przedłużać, rozciągać, dziedziczyć"
workshop,"warsztat, pracownia, studio, szkolenie praktyczne"
disaster,katastrofa
integral,"całka, całkowy, integralny, nierozłączny"
consultation,"konsultacja, porada, wizyta u lekarza"
inserted,"wstawić, wkładać, umieszczać"
usage,"używanie, użycie, traktowanie, obchodzić się, zwyczaj, praktyka"
southwest,"południowy zachód, południowo-zachodni, na południowy zachód"
monetary,"pieniężny, walutowy"
depreciation,"amortyzacja, deprecjacja, utrata wartości"
strip,"zdejmować, rozbierać, zdzierać, pozbawiać, pas, taśma, pasmo"
geology,geologia
threshold,"próg, granica, początek"
emotions,emocje
sponsored,"sponsorowany, finansowany"
plastic,"plastikowy, plastyczny, plastik, tworzywo sztuczne, karta płatnicza"
disk,"dysk, płyta, tarcza, koło, dyskietka"
surgical,"chirurgiczny, operacyjny"
outlined,"zarysować, nakreślić, szkicowo opisać, zarysowany, nakreślony"
habitat,"siedlisko, środowisko życia"
cubic,sześcienny
switzerland,Szwajcaria
folk,"lud, ludowy"
developmental,rozwojowy
graph,"wykres, graf"
austria,Austria
humanity,"człowieczeństwo, ludzkość"
breach,"pogwałcenie, naruszenie, złamanie, uchybienie, zerwanie, wyrwa, wyłom, pogwałcić, naruszać, złamać, zerwać, przerwać, wyłamać"
trace,"ślad, trop, poszlaka, śledzić, kalkować, odszukiwać"
critics,"krytycy, recenzenci"
geographical,geograficzny
fragments,fragmenty
carter,"furman, woźnica"
tropical,"tropikalny, zwrotnikowy"
mar,"psuć, niszczyć, szpecić"
verdict,"werdykt, orzeczenie, wyrok, opinia, zdanie"
negro,"czarny, Murzyn"
limestone,"wapień, wapienny"
inclusion,"wtrącenie, zawarcie, inkluzja"
theology,teologia
cylinder,"cylinder, butla, walec"
bent,"zdolność, umiejętność, talent, zainteresowanie, skłonność, wygięcie, nagięcie, zgięty, wygięty, nieuczciwy, skorumpowany, homoseksualny"
firmly,"pewnie, mocno, stanowczo"
scholarship,"stypendium, erudycja"
irregular,nieregularny
theorem,twierdzenie
refusal,odmowa
infrastructure,infrastruktura
abundant,"obfity, liczny"
erosion,erozja
analytical,analityczny
buffalo,"bizon, bawół afrykański, bawół kafryjski, bawół przylądkowy, żubr, zmylić, otumanić, zastraszyć, polować na"
cultivation,"uprawa, kultywowanie, pielęgnowanie, doskonalenie, kształtowanie"
symposium,sympozjum
deposition,"dymisja, utrącenie ze stanowiska, detronizacja, poświadczenie, zeznanie na piśmie, osadzanie się, wytrącanie"
relates,"odnosi się, dotyczy"
broader,szerszy
slavery,niewolnictwo
upward,"w górę, wzwyż, górny, powyżej, skierowany ku górze"
emphasized,"podkreślać, akcentować, podkreślony"
slip,"ślizgać się, poślizgnąć się, wsuwać, nasuwać, poślizg, pomyłka, halka, angoba"
gospel,"ewangelia, dobra nowina, głosić"
silk,jedwab
accurately,"prawidłowo, właściwie, dokładnie, wiernie, ściśle, precyzyjnie"
dissolved,"rozpuścić, rozpuszczać się, rozwiązać, rozpuszczony"
curious,"ciekawy, wścibski, ciekawski, dziwny, niezwykły"
dialogue,"dialog, rozmowa, rozmawiać"
placement,"umiejscowienie, posada, znalezienie pracy"
merit,"zaleta, wartość, zasługa, zasługiwać, zasłużyć"
comparatively,"relatywnie, względnie, stosunkowo"
finite,"ograniczony, skończony"
pole,"biegun, słup, pręt, tyczka, kijek, maszt, rura"
gasoline,benzyna
parliamentary,parlamentarny
atmospheric,"atmosferyczny, nastrojowy"
exempt,"zwolniony, zwalniać, wyłączony"
auto,"samochód, auto"
disabled,"niepełnosprawny, kaleki, ułomny"
buyer,"nabywca, kupiec"
belgium,Belgia
selective,"selektywny, wybiórczy, krytyczny, wybredny, selekcyjny"
shallow,"płytki, miałki, powierzchowny, mielizna, płycizna"
thorough,"całkowity, dokładny, gruntowny, dogłębny"
offset,"wyrównywać, równoważyć, przesunięcie, kompensata, uskok"
mixing,"mieszanie, miksowanie"
substituted,"zastąpiony, zastępczy, zastąpić"
rigid,"sztywny, drętwy, nieustępliwy"
subscription,"prenumerata, subskrypcja, abonament, przedpłata, składka członkowska"
poultry,drób
combustion,spalanie
craft,"rzemiosło, rękodzieło, umiejętność, zręczność, statek powietrzny, pojazd"
absorbed,"wchłonięty, pochłonięty, wchłaniać"
vegetation,"wegetacja, roślinność"
maturity,"dojrzałość, termin płatności, zapadalność, wykup, data"
infinite,"nieskończony, nieprzebrany, bezkresny, bezgraniczny"
accumulation,"akumulacja, nagromadzenie"
dual,"podwójny, dwoisty, dualny"
settings,"ustawienia, opcje"
arbitrary,"dowolny, arbitralny, samowolny, przypadkowy"
metabolism,metabolizm
insisted,"nalegać, upierać się"
gay,"gej, homoseksualista, wesoły, gejowski, homoseksualny"
alloys,"stop, stopy"
duly,"należycie, na czas, w porę"
ignored,"ignorować, lekceważyć"
estimation,"oszacowanie, ocena, wycena"
elevation,"wzniesienie, uniesienie, wysokość nad poziomem morza, elewacja, wywyższenie"
specially,"specjalnie, wyjątkowo, szczególnie, odrębnie"
inspired,"inspirować, zainspirowany, natchnąć, natchniony"
giant,"olbrzym, gigant, ogromny, gigantyczny, człowiek-olbrzym, olbrzymi"
explicit,"wyraźny, bezpośredni, jawny"
methodology,"metodologia, metodyka"
mercury,rtęć
variance,wariancja
passive,"bierny, pasywny"
defend,bronić
elimination,"eliminacja, usunięcie, odrzucenie, wykluczenie"
vicinity,"okolica, sąsiedztwo, bliskość"
parking,"parking, parkowanie, zaparkowanie, parkingowy"
tale,"opowieść, bajka"
bare,"nagi, goły, obnażony, obnażać, tylko, zaledwie"
retention,"zatrzymanie, zatrzymywanie, retencja"
thereon,"na tym, przy tym, po czym"
custody,"opieka, kuratela, dozór, zatrzymanie, areszt, trzymanie, pod strażą, kustodia"
oxidation,"utlenianie, oksydacja"
artistic,artystyczny
geography,geografia
wounded,"ranny, poszkodowany"
inevitable,"nieuchronny, nieunikniony"
enzyme,enzym
mild,"łagodny, umiarkowany"
signature,"podpis, sygnatura, arkusz wydawniczy"
prejudice,"uprzedzenie, stronniczość, przesąd, krzywda, uszczerbek, szkodzić, krzywdzić, uprzedzać"
calm,"uspokajać, uciszać, koić, spokojny, spokój, flauta"
weakness,"słabość, słaba strona, słaby punkt, pięta achillesowa, osłabienie"
agenda,"agenda, terminarz, porządek obrad, program, plan"
displacement,"przemieszczenie, wyparcie, wypieranie, wyporność, zastąpienie"
protest,"protest, protestować"
lens,"soczewka, obiektyw"
potassium,potas
documentation,dokumentacja
testament,"testament, zapis"
minimal,minimalny
anterior,"przedni, poprzedni, wczesny"
alike,"podobnie, jednakowo, podobny"
sympathy,"współczucie, sympatia"
acknowledged,"uznać, przyznać, potwierdzić, uznany"
invasion,"inwazja, najazd"
server,"serwer, kelner, podawacz, serwować, taca, rozgrywający"
farther,"dalszy, dalej"
loud,"głośny, hałaśliwy, krzykliwy, głośno"
sword,miecz
fold,"składać, zaginać, zawijać, składać się, zaginać się, zawijać się, upaść, fałda, zmarszczka, zgięcie, zagięcie, złożenie"
haven,"przystań, port, schronienie"
attained,"osiągać, osiągnąć, osiągnięty"
indicators,"wskaźnik, indykator, wskaźniki, indykatory"
vocational,zawodowy
tremendous,"wielki, olbrzymi, ogromny"
resistant,"odporny, wytrzymały"
guarantee,"gwarantować, ręczyć, żyrować, gwarancja, gwarancyjny"
occupational,zawodowy
debtor,dłużnik
junction,"skrzyżowanie, rozjazd, węzeł drogowy, węzeł kolejowy, złącze, połączenie"
denial,"zaprzeczenie, negacja, wyparcie, odmowa"
lodge,"domek, chata, leśniczówka, loża, portiernia, stróżówka, zakwaterować się, zatrzymać się, wnieść, utknąć"
quantum,"kwant, kwantowy"
continuously,"bezustannie, ciągle, stale"
procurement,"zaopatrzenie, nabywanie, zakup, przetarg, zamówienie publiczne"
temporal,"czasowy, doczesny, ziemski"
cooper,bednarz
reception,"przyjęcie, odbiór, powitanie, recepcja, rejestracja"
restored,"przywrócony, odrestaurowany, odnowiony, zrekonstruowany"
transformed,"przekształcony, transformowany, przemieniony, przeobrażony"
accessible,"dostępny, osiągalny, przystępny"
singapore,Singapur
palm,"dłoń, palma"
praise,"chwalić, pochwała"
territorial,terytorialny
cord,"sznur, sznurek, przewód, wiązadło, sztruks"
insight,"wnikliwość, wgląd, zrozumienie, rozeznanie"
flux,"topnik, strumień, przepływ, ciągły ruch, zmiana, wypływ, wyciek, płynąć"
inferior,"gorszy, niższy, podrzędny"
roger,"przyjąć, zrozumieć, bzykać, dymać, pieprzyć się"
specialist,"specjalista, specjalistka, specjalistyczny"
spouse,"małżonek, małżonka"
reduces,"zmniejszać, redukować, obniżać"
nucleus,"jądro, centrum, istota, podstawa"
sociology,socjologia
liquor,napój alkoholowy
eternal,"wieczny, wiekuisty, odwieczny, niezmienny"
dioxide,"dwutlenek, ditlenek"
broadcasting,"nadawanie, transmisja, dyfuzja, radiofonia, telewizja"
northeast,"północny wschód, północno-wschodni, na północny wschód"
innocent,"niewiniątko, naiwniak, naiwniaczka, niewinny, naiwny, nieświadomy"
carriage,"karetka, kareta, powóz, wagon, laweta, wózek sklepowy"
precipitation,"opad atmosferyczny, opad, wytrącanie, wydzielanie"
issuance,"wydanie, emisja"
resort,"kurort, miejscowość wypoczynkowa, uzdrowisko"
maritime,"morski, żeglarski"
suspected,"podejrzany, domniemany, podejrzewać"
contention,"spór, niezgoda, konflikt, sprzeczka, rywalizacja, twierdzenie"
barely,"ledwo, ledwie, zaledwie, prawie nie"
telegraph,"telegraf, telegrafować, nadawać telegram"
enthusiasm,"entuzjazm, zapał"
proportional,"proporcjonalny, współmierny, odpowiedni, stosowny"
optimal,optymalny
prohibition,"zakaz, prohibicja"
lime,"wapno, limonka"
deviation,"odchylenie, odstępstwo, zboczenie, dewiacja, odejście"
destination,"przeznaczenie, cel, kierunek, miejsce docelowe"
motivation,"motywacja, zachęta"
tolerance,"tolerancja, wytrzymałość, tolerowanie"
beat,"bić, uderzać, pulsować, rytm, uderzenie, pokonać, zwyciężać"
glance,"zerknąć, rzucić okiem, spojrzeć, rzut oka, błysk"
healing,"uzdrawianie, gojenie"
shelter,"schronienie, schron, przytułek, osłona, chronić, schronić się"
abundance,"obfitość, dostatek, bogactwo"
textile,"tkanina, materiał, tekstylny, włókienniczy"
enables,"umożliwiać, pozwalać"
phosphate,fosforan
posterior,"tylny, zadni, późniejszy, kolejny"
reproduced,"reproduktować, powielać, reprodukowany"
grid,"kratka, siatka, sieć, plansza"
horizon,"horyzont, nieboskłon"
geological,geologiczny
lien,"zastaw, prawo zastawu"
ongoing,"toczący się, w toku, trwający"
vein,"żyła, żyłka, żyłkować, żyłkowanie, formacja rudna"
guardian,"obrońca, stróż, opiekun, kurator, strażnik"
regression,"regresja, cofanie się"
intake,"spożycie, spożywanie, nabór, ssanie"
privacy,"prywatność, poufność"
synthetic,"syntetyczny, sztuczny"
puerto,"port, przystań"
boiler,"bojler, kocioł, kocioł parowy"
discount,"zniżka, upust, rabat, obniżka, dyskonto, odliczenie, potrącenie, obniżać, odliczać, dyskontować"
abnormal,"nienormalny, nieprawidłowy, niewłaściwy, patologiczny"
diplomatic,dyplomatyczny
renal,nerkowy
prosperity,"pomyślność, powodzenie, szczęście, dobrobyt, koniunktura"
precious,"cenny, drogocenny, szlachetny"
urine,"mocz, uryna"
tourism,turystyka
knight,"rycerz, skoczek, walet"
bitter,"gorzki, trudny do zaakceptowania lub zniesienia, bardzo zimny, zawzięty, cyniczny"
attracted,"przyciągnięty, zainteresowany"
citizenship,obywatelstwo
realistic,realistyczny
admiral,admirał
collaboration,"współpraca, kolaboracja"
sheriff,szeryf
architectural,architektoniczny
cumulative,"kumulatywny, narastający, skumulowany"
corrosion,korozja
residual,"pozostały, resztkowy, szczątkowy, rezydualny"
cavity,"jama, ubytek, dziura, dół"
surgeon,chirurg
instructor,"nauczyciel, nauczycielka, instruktor, instruktorka"
friction,"pocieranie, tarcie, konflikt"
adaptation,"dostosowanie, adaptacja"
consumed,"zużyty, spożyty, pochłonięty, skonsumowany"
continuation,"kontynuacja, ciąg dalszy, wznowienie"
faithful,"wierny, oddany, sumienny, godny zaufania, wiernie oddający szczegóły"
hired,"zatrudniony, wynajęty"
expertise,"wiedza, umiejętność, kompetencja, biegłość, wprawa, znajomość"
meaningful,"znaczący, sensowny"
therapeutic,"leczniczy, terapeutyczny"
chapel,kaplica
fur,"sierść, futro, puszek, podszycie"
geometry,geometria
enactment,"rozporządzenie, zarządzenie, ustawa, wprowadzenie w życie, odegranie roli"
sacrifice,"ofiara, poświęcenie, składać, poświęcać"
reservation,"zastrzeżenie, rezerwacja"
enclosed,"dołączony, załączony, otoczony"
launched,"uruchomiony, wystrzelony, wprowadzony na rynek, rozpoczęty"
shear,"strzyc, ścinać, nożyce do strzyżenia, obcinać wełnę"
companion,"kompan, towarzysz"
butler,kamerdyner
resist,"stawiać opór, opierać się, być odpornym"
indirectly,"pośrednio, okrężną drogą"
gravel,żwir
guinea,"gwinea, makaroniarz"
fatigue,"zmęczenie, wyczerpanie, męczyć, trudzić"
stimulus,bodziec
receptor,receptor
induction,indukcja
node,"węzeł, wierzchołek"
wherein,w którym
mud,błoto
aggressive,agresywny
auxiliary,pomocniczy
hazard,"niebezpieczeństwo, ryzyko, ryzykować"
explicitly,"jawnie, wyraźnie, wprost"
linguistic,"lingwistyczny, językoznawczy, językowy"
economically,"ekonomicznie, oszczędnie, gospodarnie"
physiological,fizjologiczny
fitting,"przymiarka, łącznik, montaż, okucie, oprawa, dopasowanie, stosowny, odpowiedni"
guilt,"wina, poczucie winy"
disc,"krążek, tarcza, płyta, dysk"
longitudinal,"podłużny, wzdłużny, południkowy, długookresowy"
shortage,"niedobór, brak, niedostatek"
architect,"architekt, budowniczy, autor, twórca"
clinic,"przychodnia, klinika"
studio,"studio, atelier, pracownia"
ecological,ekologiczny
pot,"garnek, donica, doniczka, marihuana, sadzić w doniczce, zakonserwować w słoiku"
cluster,"klaster, skupisko, zlepek, gromada, skupiać, przeprowadzać analizę skupień"
delta,delta
pit,"dół, jama, wgłębienie, nora, dziura, kopalnia, szyb, parter, otchłań, pacha, pestka, pułapka, boks, kanał, wyżerać, drylować owoc"
invested,"zainwestowany, zaangażowany"
generator,"prądnica, generator"
mankind,"ludzkość, rodzaj ludzki"
repeatedly,"wielokrotnie, raz po raz, wiele razy"
diagnostic,"diagnostyczny, diagnostyka, diagnoza"
continuity,ciągłość
elastic,"elastyczny, gumowy, ściągacz"
regiment,"regiment, pułk, sformować, ściśle kontrolować, trzymać żelazną ręką"
pulp,"miąższ, miazga, papka, pulpa, miażdżyć, rozcierać"
brass,"mosiądz, mosiężny, wysoki oficer, instrument dęty blaszany"
eighteenth,osiemnasty
distress,"strapienie, zmartwienie, zasmucenie, dolegliwość, nieszczęście, niedola, przykrość, niedostatek, rozpacz, udręka, martwić, dręczyć, smucić, strapić, udręczać"
realm,"królestwo, dziedzina, sfera"
infantry,piechota
dutch,"holenderski, niderlandzki"
subsidiary,"zależny, dodatkowy, drugorzędny, filia"
approximation,aproksymacja
suicide,"samobójstwo, samobójca"
twentieth,"dwudziesty, dwudziesta część"
theological,teologiczny
seized,"zajęty, przejęty, zarekwirowany"
mason,"kamieniarz, mason, wolnomularz"
judiciary,"sądowniczy, sędziowski, sądowy, władza sądownicza, sądownictwo"
computation,"obliczenie, kalkulacja, liczenie"
hebrew,"hebrajski, hebrajczyk"
fertilizer,nawóz
differentiation,"różnicowanie, odróżnianie, różniczkowanie"
virtual,"wirtualny, pozorny, praktycznie, symulowany, potencjalny"
exit,"wyjście, ucieczka, zjazd, ewakuacja, wyjść"
steadily,"stale, stopniowo, równomiernie, jednostajnie"
mike,mikrofon
manpower,"siła robocza, zasoby ludzkie"
strengthen,"wzmacniać, wzmocnić"
tide,"przypływ, odpływ, pływ"
invitation,zaproszenie
severely,"surowo, srogo, ostro, ciężko, dotkliwie, drastycznie"
generous,"hojny, szczodry"
mexican,"meksykański, Meksykanin"
capita,"głowa, osoba"
peripheral,"urządzenie peryferyjne, obwodowy, peryferyjny, zewnętrzny"
conceptual,"pojęciowy, konceptualny"
coordinate,"koordynować, współrzędna, koordynata"
rico,"bogaty, pyszny"
whispered,"wyszeptany, szeptany"
renewed,"odnowiony, wznowiony, przedłużony"
summarized,"streszczony, podsumowany"
bronze,"brąz, brązowy, brązowy medal, opalać się na brązowo"
kidney,"nerka, cynaderka"
burst,"pękać, eksplodować, rozrywać, pęknięcie, eksplozja, wybuch, rozerwanie"
likelihood,prawdopodobieństwo
islam,islam
feasible,"możliwy, osiągalny, wykonalny"
glucose,"glukoza, glikoza"
tribunal,"trybunał, sąd"
publicly,publicznie
salmon,"łosoś, kolor łososiowy"
rainfall,"opad, opady"
charity,"dobroczynność, organizacja charytatywna, jałmużna, miłosierdzie"
jail,"więzienie, areszt, wsadzić do więzienia"
horn,"róg, klakson"
safely,"bezpiecznie, pewnie"
delicate,"delikatny, wrażliwy, subtelny"
biol,biologia
incorporation,"wcielanie, włączanie, dołączanie, inkorporacja"
plea,"błaganie, apel, usprawiedliwienie"
differs,"różni się, różnić się"
inability,niezdolność
hath,ma
silicon,krzem
virgin,"dziewica, prawiczek, prawiczka, nowicjusz, nowicjuszka, dziewiczy, niepokalany, nienaruszony, nietknięty"
maintains,"utrzymywać, zachować, podtrzymywać, konserwować"
excitement,"podekscytowanie, ekscytacja, podniecenie"
arab,"Arab, Arabka, arabski"
sewage,ścieki
recipient,"odbiorca, adresat, beneficjent"
consolidation,"scalenie, zjednoczenie, konsolidacja, wzmocnienie, umocnienie"
radius,"promień, kość promieniowa"
nominal,"nominalny, symboliczny, minimalny, rzeczownikowy"
amplitude,amplituda
painful,"bolesny, sprawiający ból, przykry"
liberation,"uwolnienie, wyzwolenie"
legally,"legalnie, prawnie, zgodnie z prawem"
fusion,"fuzja, połączenie, stapianie, topnienie"
laughter,śmiech
den,"legowisko, nora, kryjówka, melina, ukrywać się"
continually,"nieustannie, stale, ciągle, wciąż, regularnie"
timely,"terminowy, na czas, w samą porę, korzystny"
mandatory,"obowiązkowy, nakazowy, przymusowy"
assumes,"zakładać, przyjmować, domniemywać"
standpoint,punkt widzenia
loyalty,lojalność
substrate,substrat
competing,"konkurujący, rywalizujący"
substitution,"substytucja, zastąpienie, podstawienie"
victor,zwycięzca
warfare,"wojna, działania wojenne"
telecommunications,"telekomunikacja, łączność"
ruth,"litość, współczucie"
cultivated,"wykształcony, kulturalny, uprawiany, pielęgnowany"
incomplete,"niekompletny, niepełny, niedokończony"
immune,"odporny, wolny od, immunologiczny"
propagation,propagacja
salvation,"zbawienie, ocalenie, ratunek, wybawienie"
combat,"walka, bój, zwalczać, walczyć"
pregnant,"w ciąży, ciężarny"
fertility,płodność
politicians,politycy
turkish,"turecki, Turk, Turczynka"
physiology,fizjologia
inevitably,"nieuchronnie, nieodwołalnie"
examiner,"egzaminator, inspektor, śledczy"
ecology,ekologia
indigenous,"miejscowy, lokalny, tubylczy, rdzenny"
principally,głównie
recognised,"rozpoznawać, rozpoznany, uznawać, uznany"
senses,zmysły
melting,topnienie
mediterranean,"śródziemnomorski, Morze Śródziemne"
soluble,"rozpuszczalny, rozwiązywalny"
compromise,"kompromis, ugoda, narażać, kompromitować, iść na kompromis"
leaned,"pochylony, oparty, pochylić się, oprzeć"
writ,"nakaz, pismo urzędowe"
interim,"przejściowy, tymczasowy, okres przejściowy"
tech,"technologia, techniczny, technolog"
tragedy,"tragedia, dramat"
volunteers,ochotnicy
minimize,"minimalizować, zminimalizować, pomniejszać"
diabetes,"cukrzyca, moczówka prosta"
complications,"powikłania, komplikacje"
eligibility,"kwalifikacje, uprawnienia, zdolność, obieralność, wybieralność"
twin,"bliźniak, bliźniaczka, bliźniaczy"
terror,"strach, groza, przerażenie, terror"
uranium,uran
newton,niuton
urgent,"pilny, naglący"
myth,mit
shale,łupek
constructive,"konstruktywny, konstrukcyjny, pomocny"
ceremony,"ceremonia, uroczystość, obrzęd, ceremoniał"
levy,"danina, opłata, pobierać, nakładać, ściągać"
funeral,"pogrzeb, uroczystość pogrzebowa, pogrzebowy"
juvenile,"nieletni, młodociany, dziecinny, młodzieńczy"
cave,"jaskinia, grota, piwnica, pustelnia, poddać się, poddawać się"
needle,"igła, wskazówka, nawlekać igłę"
ordinarily,"zwykle, zazwyczaj, zwyczajnie, normalnie"
transverse,poprzeczny
artillery,artyleria
subpart,"podczęść, podrozdział"
reign,"panowanie, panować, królować"
borough,"dzielnica, okręg wyborczy, gmina, jednostka administracyjna"
conform,"zgadzać się, dostosować się, dopasować, spełniać"
reorganization,"reorganizacja, przegrupowanie, restrukturyzacja"
blessed,"błogosławiony, szczęśliwy, pobłogosławić, poświęcić"
motive,motyw
naked,"nagi, obnażony, goły"
porter,"bagażowy, odźwierny, portier"
derivatives,"pochodne, instrumenty pochodne"
anglo,"anglo-, angielski, anglosaski"
similarity,podobieństwo
tribal,plemienny
equitable,sprawiedliwy
inheritance,"spadek, dziedzictwo, dziedziczenie"
sediment,osad
certainty,"pewność, pewnik"
disturbance,"zakłócenie, zaburzenie, niepokój, poruszenie"
summit,"szczyt, wierzchołek, góra, maksimum, apogeum"
angular,"kątowy, kanciasty"
quartz,"kwarc, kwarcowy, kryształ, metamfetamina"
challenged,"zakwestionowany, podważony"
welcome,"witać, przywitać, przyjmować, witaj, mile widziany, powitalny, powitanie"
enrollment,"rekrutacja, nabór, zapisy"
convey,"przekazać, przenosić, wyrażać, oddawać, przewozić, transportować, zanieść, doprowadzić, cedować"
nonetheless,niemniej jednak
aggregate,"łączyć, agregować, zbierać, grupować, agregat, zespół, masa, całość, suma, skupienie, łączny, sumaryczny, zbiorowy, nagromadzić, zagregować"
downward,"pochyły, zniżkowy, w dół"
immunity,"odporność, immunitet, nietykalność, uwolnienie, zwolnienie"
caution,"ostrożność, ostrzeżenie, upomnienie, ostrzegać, przestrzegać, upominać"
pertinent,"stosowny, trafny, na temat"
rescue,"ratunek, oswobodzenie, ocalenie, pomoc, wyratowanie, ratownictwo, obrona, ratunkowy, ratowniczy, ocalać, ratować, oswabadzać, zbawiać"
unexpected,niespodziewany
foster,"przybrany, zastępczy, wychowywać, brać na wychowanie, rozwijać, popierać, promować, sprzyjać, żywić, umieszczać w rodzinie, opiekować się"
composite,"złożony, kompozytowy, wielowarstwowy, kompozyt, połączenie"
reward,"nagroda, wynagrodzenie, odpłata, nagradzać, wynagradzać"
sovereignty,suwerenność
stuck,"utknąć, zablokować, unieruchomić, utknięty"
basal,podstawowy
defeated,"pokonany, przegrany"
extensively,"obszernie, szeroko, rozlegle"
exploitation,"eksploatacja, wykorzystanie, wyzysk"
dull,"matowy, tępy, nudny, jednostajny, stłumiony, tępić, stłumić"
permanently,"na stałe, trwale, permanentnie"
hydraulic,hydrauliczny
degradation,degradacja
stretch,"napinać, naprężać, rozciągać, przeciągać się, naciągać, naginać, rozciągać się, odcinek, droga, czas, szeroki, przestrzeń, bezkres, akwen, rozciągalność, nadużycie, naciąganie"
municipality,"gmina, miasto, jednostka samorządu terytorialnego"
governance,"zarządzanie, kierowanie, kierownictwo, styl kierowania"
covenant,"ugoda, umowa, przymierze, zawrzeć umowę"
autonomy,autonomia
vapor,"para, opary, para wodna, ulotnić się"
gdp,"PKB, produkt krajowy brutto"
announcement,"ogłoszenie, zawiadomienie, obwieszczenie, oznajmienie, meldunek, zapowiedź"
cardiac,"sercowy, nasercowy"
mentally,"psychicznie, umysłowo"
impressive,"imponujący, robiący wrażenie, uderzający"
propaganda,propaganda
warehouse,"magazyn, skład, hurtownia"
jointly,"wspólnie, razem"
ingredients,"składniki, komponenty"
injunction,"nakaz, zakaz, nakaz sądowy, zakaz sądowy"
expiration,"wygaśnięcie, utrata ważności, przedawnienie"
unemployed,bezrobotny
defines,"definiować, określać"
electrode,elektroda
chap,"facet, gość, typ, chłop, człek, chłopak, denerwować, wkurzać"
splendid,"wspaniały, okazały, doskonały"
shame,"wstyd, zawstydzać, przynieść wstyd"
portfolio,"aktówka, teczka, portfolio, teka, portfolio ministerialne, portfel"
reliance,"zaufanie, poleganie"
exhausted,"wyczerpany, wykończony, bardzo zmęczony, ledwo żywy"
capitalism,kapitalizm
accommodate,"zakwaterować, ulokować, dać mieszkanie, dać nocleg, dostosować, mieścić, pomieścić"
induce,"wywoływać, wywołać, indukować"
amer,Amerykanin
charitable,"dobroczynny, charytatywny, życzliwy, łaskawy, wyrozumiały, miłosierny, wspaniałomyślny"
pathology,patologia
argentina,Argentyna
spontaneous,spontaniczny
drag,"wlec, ciągnąć, przeciągać się, dłużyć się, zaciągnięcie, opór powietrza, strój"
monopoly,monopol
indonesia,Indonezja
unfortunate,"nieszczęśliwy, pechowy, niefortunny"
chile,Chile
suspicion,podejrzenie
bold,"pogrubić, pogrubiony, śmiały"
crude,"surowy, nieopracowany, przybliżony, prosty, prymitywny, niewybredny, ordynarny, nieoczyszczony, substancja"
individually,indywidualnie
nickel,"nikiel, moneta, pięciocentowy, niklować"
inhibition,"zahamowanie, hamowanie, powstrzymanie, powstrzymywanie, zakaz"
defective,"wadliwy, ułomny"
biography,biografia
hostile,"wrogi, nieprzyjazny"
eager,"chętny, gorliwy, żarliwy"
outdoor,zewnętrzny
variability,"zmienność, niestałość"
gallons,"galon, galony"
demonstrates,"demonstrować, wykazywać"
ideological,ideologiczny
elaborate,"starannie, dokładnie, przygotować, szczegółowo, przygotowywać, rozwijać, dopracowywać"
vulnerable,"wrażliwy, podatny, nieodporny, zagrożony"
waiver,"zrzeczenie, się"
collateral,"zabezpieczenie, poboczny, dodatkowy"
prophet,"prorok, jasnowidz, wróżbita"
providence,opatrzność
historian,historyk
hull,"kadłub, łupina, strąk, łuska, szypułka, otoczka, łuskać, obierać"
breathing,"oddychanie, odpowietrzanie"
encouragement,"zachęta, wsparcie, wspieranie, ośmielanie"
simplicity,"prostota, naiwność, prostactwo"
collar,"kołnierz, obroża"
beneficiary,"beneficjent, obdarowany, spadkobierca"
librarian,"bibliotekarz, bibliotekarka"
chase,"pogoń, ganiać, ścigać, uganiać się"
questionnaire,kwestionariusz
bacterial,bakteryjny
void,"pusty, próżny, nieważny, pustka, próżnia, renons, unieważniać"
collapse,"upadek, zapaść, rozpad, zawalenie się, załamanie się, runąć, mdleć, zasłabnąć"
continental,kontynentalny
formally,"formalnie, oficjalnie, urzędowo"
contamination,"skażenie, zanieczyszczenie"
nowhere,"nigdzie, donikąd"
interrupted,"przerwany, zakłócony, przerywać"
wrapped,"owinięty, opakowany, zapakowany"
explosion,"eksplozja, wybuch"
dare,"mieć śmiałość, ośmielić się, odważyć się, wyzywać, prowokować, ryzykować"
steep,"stromy, gwałtowny, zaparzyć, namoczyć, zanurzyć"
sickness,"choroba, dolegliwość, nudności, chorobowy"
confirmation,"potwierdzenie, bierzmowanie, konfirmacja"
barrel,"beczka, beczułka, baryłka, lufa, bęben, tuleja, sprężyna, zegar, tułów, beczkować"
graphic,"graficzny, obrazowy, rysunek, grafika"
voyage,"rejs, podróż, wojaż, wojażować"
bleeding,"krwotok, krwawienie, krwawić"
traditionally,"tradycyjnie, zwyczajowo"
cabin,"kabina, kajuta, chata"
affection,"uczucie, miłość, sympatia"
marble,"marmur, kulka do gry, marmurowy, marmurkować"
concludes,"kończy, wnioskuje, podsumowuje"
indebtedness,"zadłużenie, zobowiązanie"
distinctly,"jasno, dobitnie, wyraźnie"
dirt,"brud, gleba"
bow,"ukłonić się, pokłonić się, kłaniać się, ugiąć się, schylić się, łuk, dziób, kokarda, smyczek"
orchestra,orkiestra
arrow,"strzałka, strzała"
pond,"staw, sadzawka"
offensive,"ofensywa, atak, ofensywny, obraźliwy, odrażający, przykry"
motives,motywy
bacon,"bekon, boczek"
destructive,destrukcyjny
depressed,"nieszczęśliwy, przygnębiony, załamany, cierpiący na depresję"
forecast,"zapowiadać, prognozować, prognoza"
conductivity,"przewodność właściwa, przewodnictwo, konduktywność"
photographic,"fotograficzny, zdjęciowy"
lamb,"jagnię, jagnięcina, rodzić"
bending,gięcie
lightly,"lekko, lekkomyślnie, beztrosko, niefrasobliwie, pochopnie, frywolnie, delikatnie"
useless,"niepotrzebny, nieprzydatny, bezużyteczny, bezcelowy, do niczego, na nic, płonny, zbędny"
bomb,"bomba, piękny, dziewczyna, fortuna, gruchot, zbombardować"
vague,"niejasny, nieokreślony"
landlord,"właściciel, wynajmujący, gospodarz"
patience,"cierpliwość, pasjans"
willingness,"chęć, gotowość"
ink,"atrament, tusz, tatuaż, tatuować"
parental,rodzicielski
conveyed,"przekazać, wyrazić, przekazany"
positively,"pozytywnie, dodatnio, niezbicie, kategorycznie, stanowczo, zdecydowanie, naprawdę"
vain,"próżny, daremny, bezcelowy"
lawful,"legalny, prawny, zgodny z prawem"
improper,"niewłaściwy, nieodpowiedni"
sensation,"doznanie, odczucie, wrażenie, sensacja"
proposes,"proponować, zaproponować"
settlers,osadnicy
officially,oficjalnie
socially,społecznie
complement,"dopełnienie, uzupełnienie, dopełniać, uzupełniać"
triumph,"triumfować, zatriumfować, triumf"
wagon,"wagon, wagon towarowy, wagonowy"
delight,"zachwyt, frajda, rozkosz, radość, uciecha, zachwycać, radować, uszczęśliwiać, delektować, zachwycać się, cieszyć się"
deprived,"pozbawiony, zubożały"
frost,"mróz, szron"
portable,przenośny
grabbed,"chwycić, złapać"
broadcast,"nadawać, emitować, wysyłać, rozpowszechniać, transmisja, audycja, nadawanie"
pause,"pauza, przerwa, przerywać, zatrzymywać, zatrzymywać się"
impaired,"upośledzony, osłabiony, nadwyrężony"
designer,"projektant, projektantka"
react,reagować
northwestern,północno-zachodni
bark,"kora, szczeknięcie, szczekać, warczeć, barka"
stupid,głupi
fellowship,"towarzystwo, bractwo, wspólnota, stowarzyszenie, stypendium naukowe"
magnificent,"wspaniały, świetny, okazały"
cure,"lek, lekarstwo, kuracja, leczyć, peklować"
excellence,"doskonałość, perfekcja"
boots,"buty, kozaki"
orbit,"orbita, oczodół, zasięg, okrążać, orbitować"
unified,"zjednoczony, zunifikowany"
desperate,"zdesperowany, desperacki, rozpaczliwy"
competitors,"konkurenci, rywale"
beloved,"ukochany, umiłowany, drogi"
straw,"słoma, słomka, słomiany"
obstacles,"przeszkody, utrudnienia"
faint,"mdleć, zemdleć, nikły, słaby, omdlenie"
monument,pomnik
outward,"zewnętrzny, powierzchowny, na zewnątrz"
instability,"niestabilność, chwiejność"
cole,kapusta
unpaid,"nieopłacony, niezapłacony, bezinteresowny"
hunger,"głód, pragnienie, tęsknota"
harbour,"port, przystań, schronienie, azyl, ukrywać, kryć, żywić"
crushed,"zmiażdżony, zgnieciony, zdruzgotany, załamany"
deaf,"głuchy, niedosłyszący"
favourable,"korzystny, przychylny, sprzyjający"
tent,namiot
fitness,"stosowność, zdatność, trafność, dostosowanie, sprawność, kondycja"
comedy,komedia
negotiated,"negocjować, wynegocjować"
overwhelming,przytłaczający
amazing,"niesamowity, fantastyczny, zdumiewający"
tightly,"mocno, kurczowo, ciasno, szczelnie"
humor,humor
simplified,uproszczony
endless,"niekończący się, nieskończony, niezliczony, niewyczerpany"
boom,"boom, bum, hossa, rozkwit, wzrost, skok, rozwijać się, prosperować"
conformity,"zgodność, zbieżność, dostosowanie, przystosowanie, konformizm"
refund,"refundować, zrefundować, zwracać, zwrócić, zwrot"
stir,"ruch, poruszenie, wzburzenie, podniecenie, zamieszanie, wrzawa, poruszać, mieszać"
accustomed,"przyzwyczajony, zwyczajowy, typowy"
herd,"stado, tabun, horda, tłum, zebrać się, wypasać"
devotion,"poświęcenie, oddanie, dewocja"
install,"instalować, zainstalować"
possesses,"posiadać, mieć"
terrorism,terroryzm
respectfully,z poważaniem
controversial,"kontrowersyjny, sporny"
lighter,"zapalniczka, lichtuga"
basement,"piwnica, suterena"
forbidden,"niedozwolony, zabroniony"
cruel,okrutny
loyal,"lojalny, wierny"
bet,"zakład, obstawianie, zakładać się, obstawiać, stawiać, postawić"
attraction,"atrakcja, atrakcyjność, przyciąganie, pociąg, pożądanie"
surprisingly,"zaskakująco, zadziwiająco"
deserve,zasługiwać
casual,"przypadkowy, dorywczy, swobodny, niedbały, luźny, na luzie"
despair,"rozpacz, rozpaczać"
alcoholic,"alkoholowy, alkoholik"
poetic,"poetycki, poetyczny"
sculpture,"rzeźba, rzeźbiarstwo, rzeźbić"
fortunate,"szczęśliwy, mieć szczęście"
recommends,"polecać, rekomendować"
lately,"ostatnio, niedawno"
prescription,"recepta, przepis, zalecenie"
decedent,"zmarły, denat"
forehead,czoło
gesture,"gest, gestykulacja, gestykulować, czynić gest, skinąć"
supporters,"zwolennik, zwolennicy, kibic, kibice"
recognizes,"rozpoznawać, rozpoznać, uznawać, uznać, zauważać, zauważyć, doceniać, uznawać za"
hip,"biodro, owoc dzikiej róży, modny, trendy, fajny"
arabic,"arabski, język arabski, Arab, Arabka"
convincing,"przekonujący, przekonywanie"
processor,procesor
pottery,"garncarstwo, ceramika, naczynia gliniane, garncarski, ceramiczny"
bounded,"ograniczony, ograniczać, wyznaczać granice"
poison,"trucizna, trutka, truć, otruć"
stamps,"znaczek, znaczki, pieczątka, pieczątki, stemplować"
curiosity,ciekawość
detention,"zatrzymanie, areszt tymczasowy, pozbawienie wolności"
defensive,"obronny, defensywny, defensywa"
procedural,"formalny, proceduralny"
advocates,"obrońca, obrońcy, orędownik, orędownicy, rzecznik, rzecznicy, bronić, popierać"
corpus,"zbiór, dzieło, materiał językoznawczy, korpus"
injected,"wstrzykiwać, wstrzyknąć"
mutually,wzajemnie
gratitude,wdzięczność
viewpoint,"punkt widzenia, stanowisko, punkt widokowy"
hungarian,"węgierski, Węgier, Węgierka"
sighed,"wzdychać, westchnąć"
scanning,skanowanie
tragic,tragiczny
airlines,linie lotnicze
incorrect,"niepoprawny, błędny, niestosowny"
philosopher,"filozof, filozofka"
accessories,akcesoria
lightning,"błyskawica, piorun, błyskawiczny, błyskawicowy"
adviser,doradca
thumb,kciuk
charm,"czar, urok, amulet, talizman, czarować, oczarować"
builders,budowniczowie
goodness,"dobro, dobroć"
sorrow,"smutek, żal"
standardized,"znormalizowany, ujednolicony, standaryzowany"
champion,"czempion, czempionka, mistrz, obrońca, orędownik, bronić"
blessing,błogosławieństwo
departmental,"wydziałowy, departamentalny, resortowy, oddziałowy"
parcel,paczka
chaos,chaos
mess,"bałagan, zamieszanie"
deadline,"ostateczny termin, termin ostateczny"
ferry,"prom, przewozić"
theft,kradzież
glorious,"wspaniały, chwalebny"
earnest,"poważny, usilny, gorliwy, szczerość, zaliczka"
responsive,"szybko reagujący, czuły"
enjoyment,przyjemność
proves,"udowodnić, dowodzić, okazać się"
workplace,miejsce pracy
arithmetic,arytmetyka
insertion,"wstawka, wstawienie, wklejka, wprowadzenie, umieszczenie, dodatek, dopisek, ogłoszenie"
updated,zaktualizowany
minus,"minus, ujemny"
plainly,"wyraźnie, jasno, otwarcie"
unusually,"niezwykle, wyjątkowo"
forgive,wybaczać
dot,"kropka, plamka, cętka, kropkować, plamić"
danish,"duński, Duńczyk, Dunka, drożdżówka"
incidental,"incydentalny, przypadkowy, nieistotny, towarzyszyć"
telegram,telegram
patrol,"patrol, zastęp, patrolować, pilnować"
luxury,"luksus, luksusowy"
wax,"wosk, woskować, rosnąć, wzrastać"
contributes,"przyczyniać się, wnosić, przekazywać"
whoever,ktokolwiek
warmth,"ciepło, serdeczność, żywość, uniesienie"
paradise,raj
kindly,"uprzejmie, życzliwie, uprzejmy, życzliwy"
hypertension,"nadciśnienie tętnicze, nadciśnienie"
afterward,"następnie, potem, później"
nutrient,"składnik pokarmowy, odżywczy, odżywczy"
rage,"wściekłość, furia, szaleć, wściekać się"
sworn,"zaprzysięgły, przysięgać"
temper,"nastrój, temperament, hartować, temperować, łagodzić"
phoenix,feniks
crash,"wypadek, katastrofa, huk, trzask, krach, zawiesić się"
exceedingly,"niezmiernie, nadzwyczaj, wyjątkowo"
downstream,"w dół rzeki, następny, po prądzie"
genetics,genetyka
genesis,"geneza, początek, powstanie"
swelling,"obrzęk, opuchlizna, guz, zgrubienie"
beating,"lanie, porażka, bicie"
hatred,nienawiść
manifestations,"objaw, przejaw, objawy, przejawy"
conveyance,"transport, przewóz, przeniesienie własności, nośnik, narzędzie"
nova,nowa
superiority,"wyższość, przewaga"
feast,"uczta, ucztować"
sexuality,seksualność
undergo,"poddać się, przechodzić, doświadczać"
ambitious,ambitny
fantasy,"fantazja, fantazjowanie, wymysł, marzenie, fantastyka, fikcja"
survivors,"ocalony, ocaleni"
scholarly,"uczony, naukowy, akademicki, merytoryczny"
detective,detektyw
accidental,"przypadkowy, niezamierzony, nieumyślny"
delighted,"zachwycony, uszczęśliwiony"
athletic,"atletyczny, sportowy, wysportowany"
rationale,"uzasadnienie, racja, motywacja, przyczyna"
tractor,"ciągnik, traktor"
sheer,"cienki, przejrzysty, stromy, czysty, absolutny"
kindness,"życzliwość, uprzejmość, dobroć"
graves,groby
behave,"zachowywać się, postępować"
persuaded,"przekonał, przekonany"
tentative,"próbny, wstępny, orientacyjny, niepewny, nieśmiały"
aboard,"na pokładzie, wsiąść na pokład, na pokład"
orderly,"sanitariusz, ordynans, porządny, spokojny, zorganizowany"
tile,"kafelek, dachówka, płytka, kafelkować"
tense,"napięty, czas, spięty, nerwowy, napiąć, naprężyć,"
enthusiastic,"entuzjastyczny, zapalony"
solidarity,solidarność
jazz,"jazz, dżez"
punished,ukarany
hammer,"młotek, przybijać"
foolish,"niemądry, głupi"
interact,oddziaływać
bonding,"wiązanie, przywiązanie"
inorganic,nieorganiczny
miracle,cud
debris,"gruz, szczątki"
admiration,"podziw, zachwyt, admiracja"
frustration,frustracja
cage,klatka
plug,"wtyczka, korek, zatykać"
deserves,"zasługiwać na, być wartym"
submarine,okręt podwodny
highlights,"najważniejsze punkty, atrakcje, podkreślać, uwydatniać, eksponować"
spiral,"spirala, spiralny, poruszać się spiralnie, gwałtownie wzrastać"
fond,"czuły, kochający, lubić"
absorb,"wchłaniać, pochłaniać, absorbować, przyswajać"
moss,mech
flavor,"smak, aromat, zapach, odmiana, wersja, przyprawić, dodawać smaku"
spelling,"ortografia, pisownia"
examines,"badać, sprawdzać, analizować, egzaminować"
beast,"bestia, zwierzę, potwór, bydlę"
acquaintance,"znajomy, znajoma, znajomość"
genera,rodzaje
assignor,"zbywca, cedent"
ladder,"drabina, drabinka"
scared,"przestraszony, wystraszony, zalękniony"
arabia,Arabia
imaginary,"wyimaginowany, urojony, nierealny"
tablets,"tabletki, pastylki, tablety"
brotherhood,"braterstwo, bractwo"
documentary,"dokumentalny, dokumentacyjny, dokumentować, udokumentować, film dokumentalny"
overnight,"nocny, całonocny, nocą, z dnia na dzień"
pharmacy,"farmacja, apteka"
vacancy,"wakat, wolne stanowisko, wolny etat, wolny pokój"
nationalist,"nacjonalista, nacjonalistyczny"
emphasizes,"podkreśla, akcentuje, uwydatnia, eksponuje"
proclaimed,"ogłosić, proklamować, ogłaszać, okrzyknąć"
dynasty,dynastia
journalists,"dziennikarze, dziennikarki"
penny,"pens, grosz"
cliff,"klif, urwisko, skarpa"
manifested,"manifestować, objawiać, ujawnić, przejawić, objawić się"
dialog,"dialog, rozmowa, okno dialogowe, dialogowy"
declares,"deklarować, ogłaszać, oznajmiać, stwierdzać"
attendant,"bileter, administrator, asystent, posługacz, opiekun, towarzyszący, obsługujący"
beard,"zarost, broda"
noticeable,"zauważalny, godny uwagi, dostrzegalny, wyczuwalny"
curtain,"zasłona, kurtyna"
progression,"postęp, progresja, ciąg"
bin,"kosz, kosz na śmieci, pojemnik, wyrzucać, binaryzować"
abandonment,"porzucenie, opuszczenie, rezygnacja, zrzeczenie się, wyrzeczenie się"
resembles,"przypominać, być podobnym"
antitrust,"antytrustowy, antymonopolowy"
departed,"zmarły, nieboszczyk, nieboszczka, miniony, niegdysiejszy"
bunch,"wiązka, pęk, kiść, grono, garść, pęczek, snop, wiązanka, bukiet, gromada, kupa, paczka, pakiet, zgraja, banda, stek, zbierać, skupiać"
vivid,"żywy, obrazowy"
creator,"twórca, stwórca"
deleted,"usunięty, skasowany, wykreślony, zlikwidowany"
graduation,"ukończenie studiów, absolutorium, ceremonia rozdania dyplomów, graduacja, podziałka, stopniowanie, kalibrowanie, cechowanie"
pork,wieprzowina
resemble,"przypominać, być podobnym do, być podobnym"
accountant,"księgowy, księgowa"
deadly,"śmiertelny, śmiercionośny, śmiertelnie"
inscription,"napis, inskrypcja, dedykacja"
insane,"obłąkany, niepoczytalny, chory umysłowo"
delightful,"zachwycający, wspaniały, rozkoszny"
calf,"łydka, cielę, cielak, słoniątko, młode wieloryba, skóra cielęca"
hut,"chata, szałas"
upwards,"w górę, ku górze"
supportive,"wspierający, wspomagający, pomocny"
carpet,"dywan, wykładzina, kobierzec"
liquidation,"likwidacja, upłynnienie, spieniężenie, zbycie, sprzedanie"
misery,"cierpienie, niedola, smętność, nędza, bieda"
slightest,"najmniejszy, ani trochę, odrobina"
casualty,"ofiara, poszkodowany, strata"
taxed,opodatkowany
sunset,"zachód słońca, wieczorny"
dial,"wykręcać numer, wybierać numer, tarcza, pokrętło, tarcza telefonu"
regeneration,"regeneracja, odtworzenie, odnowienie, odrodzenie, odnowa, odzyskiwanie"
disagreement,"niezgoda, rozbieżność, różnica zdań, sprzeczka, nieporozumienie"
unrelated,"niezwiązany, niepowiązany, niespokrewniony"
polymers,"polimer, polimery"
goddess,bogini
judgement,"osąd, wartościowanie, sąd, ocena, wyrok, decyzja"
depot,"skład, hurtownia, magazyn, stacja, dworzec kolejowy, dworzec autobusowy"
fountain,fontanna
upstream,"pod prąd, w górę, dopływowy, wydobywczy"
dwellings,"mieszkania, domy, miejsca zamieszkania, lokale, siedziby"
neighbourhood,"sąsiedztwo, okolica, otoczenie, dzielnica"
damp,"wilgoć, wilgotny, zwilżać, ostudzać"
incredible,"niewiarygodny, niesamowity, wspaniały"
disappointment,rozczarowanie
variant,"odmiana, wariant, różny, odmienny"
purified,"oczyszczony, oczyszczony, oczyścić, oczyszczać"
importation,"importowanie, import, przywóz"
incidentally,"nawiasem mówiąc, przy okazji, przypadkowo"
elbow,"łokieć, rozpychać się łokciami"
heavenly,"niebiański, boski, rajski, wspaniały"
warranty,gwarancja
irrespective,"niezależny ,bez względu na, niezależnie"
underneath,"pod, pod spodem, poniżej"
transitional,"przejściowy, pośredni"
brazilian,"brazylijski, Brazylijczyk"
wrist,nadgarstek
reef,"rafa, skała podwodna, rafa koralowa"
sometime,"kiedyś, niegdyś, dawniej, okazjonalny"
northeastern,północno-wschodni
bullet,"pocisk, kula, punktor"
oneself,"siebie, sobie, sam"
meditation,medytacja
admiralty,admiralicja
oppression,"ucisk, prześladowanie, opresja"
slot,"otwór, gniazdo, szczelina, okienko, miejsce, stanowisko, wkładać, pasować"
conduction,"przewodnictwo, przewodzenie"
potter,garncarz
miserable,"nieszczęśliwy, przygnębiony, ponury, nędzny, opłakany, lichy, żałosny, zrzędliwy, marny"
sept,"klan, odłam, ród"
fancy,"fantazyjny, dekoracyjny, ekstrawagancki, wyszukany, wymyślny, fikuśny, fantazja, wyobraźnia, upodobanie, kaprys, mieć ochotę, wyobrażać sobie"
recordings,nagrania
whichever,"którykolwiek, jakikolwiek"
pie,"ciasto, placek, pasztecik, pizza"
indifference,obojętność
registry,"rejestr, rejestracja, urząd stanu cywilnego"
ridiculous,"absurdalny, śmieszny, idiotyczny, żałosny"
nails,"paznokcie, gwoździe"
hatch,"właz, luk, okienko, wykluwać się, wylęgać się, knuć, intrygować"
occupies,"zajmuje, okupuje"
relies,"polegać na, polegać"
aloud,"głośno, na głos"
orbital,"orbitalny, objazdowy, okrężny, obwodnica"
inward,"do środka, wewnątrz, wewnętrzny, skryty"
emerges,"pojawiać się, wyłaniać się, wynurzać się"
horrible,"straszny, okropny"
greenhouse,"szklarnia, cieplarnia"
sleeve,rękaw
warrior,wojownik
safeguards,"zabezpieczenia, środki ochronne"
prosperous,"pomyślny, prosperujący, bogaty, kwitnący"
nonsense,"nonsens, bezsens, bzdura"
appetite,apetyt
spectacular,"widowiskowy, spektakularny"
traction,"siła, pociągowy, ciągnięcie, pociąg, atrakcyjność, trakcja, przyczepność, wyciąg ortopedyczny"
endure,"znosić, wytrzymywać, przetrwać, trwać"
analysed,"analizowany, przebadany, rozpatrzony"
splitting,"dzielenie, rozdzielanie, rozszczepianie"
teachings,"nauczanie, doktryna, nauki, przesłanie"
bubble,"bańka, pęcherzyk, bąbelek"
ration,"racja, racjonować, wydzielać, przydzielać"
experimentally,eksperymentalnie
thunder,"grzmot, huk, grzmieć"
accession,"przystąpienie, akcesja, objęcie tronu, objęcie stanowiska"
sweat,"pot, pocić się"
misconduct,"niewłaściwe zachowanie, wykroczenie, występek, złe postępowanie"
extinction,"wymieranie, ekstynkcja, wyginięcie, wygaśnięcie, umorzenie"
flock,"stado, ptactwo, parafia, tłum, gromadzić się"
accomplishments,"osiągnięcia, dokonania"
enquiry,"zapytanie, dochodzenie, śledztwo, zasięganie informacji"
coli,pałeczka okrężnicy
monks,"mnich, mnisi"