front_text,back_text
and,"i, a, potem, coraz"
in,"w, na, do, wnętrze, środek, w ciągu, za, po, z, spośród, dziedzina, wewnątrz, wpływy, władza, pozycja, ktoś, wpływowy, stan"
is,jest
that,"tamten, ten, ta, to, oto, który, że, iż, tak"
for,"dla, za, w, strona, przez, z powodu, reprezentować, symbolizować, ponieważ, bo"
it,"to, on, ona, ono, tu, koniec, berek, szukający, jego, swój, kastrat"
with,"z, przez"
on,"na, o, w, z, na koszt, pod, zaraz, po, włączony, zgodny, plan, rozpocząć, aby, włączyć, dalej, naprzód, za, później"
by,"przez, przy, obok, w, pobliże, podczas, do, przed, po, za, na, według, gdzieś, tu, tam, później"
not,"nie, a"
or,"lub, albo, ani, czy, bo, kolor, złoty"
this,"ten, ta, to, taki, tak"
at,"przy, na, w, u, o, dla, do, z, za, stan, wiek, znak, @"
from,"od, z, powód, w, wynik, na, przed"
he,on
which,"który, co"
an,"jakiś, pewien"
have,"mieć, zawierać, charakteryzować się, otrzymać, wziąć, poczęstować się, wydać, polecenie, niech, odzyskać, obfitować"
his,"jego, swój"
but,"ale, oprócz, tylko, zaledwie"
you,"ty, pan, pani, wy, państwo, twój, swój, wasz"
we,my
they,"oni, one"
all,"wszyscy, wszystkie, cały, wszystko, całkowicie, zupełnie"
one,"jeden, jedynka, banknot, jednodolarowy, pierścień, ktoś, lub, coś, dobrze pasować, wyjątkowy"
their,"ich, swój"
can,"móc, umieć, potrafić, wiedzieć"
there,tam
other,"inny, drugi, ktoś"
if,"jeśli, gdyby, nawet, czy, choć, chociaż, warunek, wątpliwość, niepewność"
would,"byłby ,by, chcieć, woleć"
her,"jej, swój, ona, ją"
may,"może ,móc, oby, niech, być w stanie"
when,"kiedy, wtedy, gdy, gdy tylko, czas"
no,"nie, ani trochę, żadną miarą, żaden, zakaz, brak, odmowa, głos"
these,"ci, te, te"
new,nowy
she,ona
who,"kto, który"
than,"niż, od"
any,"jakiś, jakikolwiek, którykolwiek, każdy, choć, trochę, jeszcze"
time,"czas, okres, moment, chwila, raz, takt, czasowy, mierzyć, trwanie"
do,"robić, wystarczać, nadawać się"
what,"co, jaki, kto, dlaczego, to, cóż"
some,"trochę, kilka, niektóry, niektórzy"
also,"też, także, również"
about,"o, z, ze, przy, po, ku, około, dookoła, w trakcie, wokół"
only,"tylko, jedynie, jedyny"
into,"do, w, na"
out,"na zewnątrz, z, ze, zewnętrzny, wypuścić, poza, dom, wyjście, ujawnić"
two,"dwa, dwójka, banknot, dwudolarowy, dwulatek"
my,"mój, swój, o rany, ojej"
them,"ich, nich, im, nimi, siebie, sobie"
him,"jego, go, on, mu, nim"
first,"pierwszy, po pierwsze, najpierw"
see,"widzieć, zobaczyć, ujrzeć, zobacz, zauważyć, spostrzec, rozumieć, odwiedzać"
our,"nasz, swój"
under,"pod, poniżej, mniej niż"
should,"powinien, należy"
up,"do góry, w górę, wzwyż, kompletnie"
could,"mógłby, móc, umieć, potrafić"
after,"po, za, potem, późno, późny, zanim, nim"
then,"wtedy, wówczas, potem, następnie, dodatkowo"
between,"między, pomiędzy"
your,"twój, swój, pani, pan, wasz, państwo"
me,"ja, mnie, sobą, sobie"
over,"nad, na, przez, po, za, ponad, przekraczać, podczas, przy"
work,"pracować, funkcjonować, dzieło, praca"
where,"gdzie, dokąd, podczas gdy"
each,"każdy, pojedynczy"
year,rok
now,"teraz, no, więc"
those,"tamci, tamte, ta"
many,"wiele, dużo, liczna, wielu"
through,"przez, poprzez, dzięki, w czasie, po"
like,"jak, podobny, lubić, chciać, na przykład"
well,"dobrze, studnia, więc, no"
same,"taki sam, ten sam, to samo, tak samo"
must,"musieć, konieczność, musi"
very,"bardzo, rzeczywiście"
because,"ponieważ, bo, gdyż, z powodu"
before,"przed, wcześniej, zanim, nim"
people,ludzie
how,"jak, ile, dlaczego"
both,"obaj, oboje, obie, oba"
number,"liczba, numer, pewien, ilość, wiele, numerować, liczyć, ileś"
much,"dużo, wiele, bardzo, o wiele"
case,"pudełko, skrzynia, sprawa, przypadek, futerał, pokrowiec, walizka, teczka, litera, pakować"
way,"droga, szlak, kierunek, przejście, przejazd, podróż, sposób, postępowanie, zwyczaj, bardzo, dalece, zdecydowanie"
three,"trzy, 3, trójka, troje, trzylatek, trzylatka"
section,"sekcja, część, dział, odcinek, fragment, paragraf, wycinek, cząstka, przekrój, ciąć, pociąć"
life,"życie, trwałość, żywotność"
water,"woda, podlewać, polewać, wodny"
day,"dzień, doba, dniówka, okres"
high,"wysoki, wysoko"
just,"tylko, właśnie, dopiero co, sprawiedliwy, rzetelny, właściwy"
man,"mężczyzna, człowiek, osoba, pionek, kumpel"
order,"zamówienie, rozkaz, porządek, zakon, klasa, kolejność, zamawiać, rozkazywać, porządkować"
world,świat
us,"nas, nam, nami"
good,"dobro, pożytek, dobry, właściwy, korzystny, uczciwy, grzeczny, smaczny, dobrze"
great,"wielki, świetny, wspaniały, świetnie, wspaniale"
information,"informacja, zawiadomienie, informacje"
here,"tu, tutaj, oto"
own,"własny, posiadać, przyznać się"
know,"wiedzieć, znać, pamiętać, rozumieć, doświadczać, wiedza"
another,"kolejny, następny, dodatkowy, inny, drugi, nowy"
back,"plecy, tył, grzbiet, obrońca, oparcie, zawracać, wspierać, tylny, z powrotem"
school,"szkoła, ławica, więzienie, szkolić, trenować, dawać szkołę, kształcić, wykazywać wyższość"
american,"Amerykanin, Amerykanka, amerykański"
take,"wziąć, chwycić, łapać, zabrać, przyjąć, użyć, spożywać, przejąć, odjąć"
small,"mały, niewielki"
different,"inny, odmienny, różny"
large,"duży, ogromny, obszerny, liczny"
house,"dom, budynek, izba, firma, ród, muzyka house"
city,"miasto, metropolia"
little,"mały, mało, niewiele"
business,"biznes, interes, sprawa, firma, przedsiębiorstwo, biznesowy"
men,"mężczyźni, ludzie"
get,"dostać, otrzymać, stać się, rozumieć, zdobyć, zarobić, dotrzeć, odebrać, przynieść"
every,każdy
social,"społeczny, socjalny, stadny, gromadny, towarzyski"
place,"miejsce, lokal, umieszczać, kłaść, określić, umiejscowić"
too,"za, zbyt, nadmiernie, strasznie, nad wyraz, bardzo, także"
group,"grupa, grupować"
point,"punkt, sedno, istota, rzecz, kropka, celować, wskazywać"
old,"stary, dawny, doświadczony, były, poprzedni"
children,dzieci
long,"długi, długo, długoterminowy"
think,"myśleć, pomyśleć, zastanawiać się, sądzić, uważać, przypuszczać, wyobrażać sobie, mieć na myśli, zamierzać"
important,"ważny, istotny"
table,"stół, tabela, tabliczka, stołowy, towarzystwo"
come,"przyjść ,przychodzić, przybywać, pochodzić, pojawiać się, dochodzić, doświadczyć"
period,"okres, epoka, lekcja, miesiączka, kropka"
go,"iść, idź, wyjść, podróżować, poruszać się, umierać, pasować, działać, powodzić się, ruch, zgoda"
program,"program, programować, planować"
office,"biuro, urząd"
war,"wojna, konflikt, wojenka, toczyć, toczyć się"
end,"koniec, zakończenie, kres, granica, skończyć, zakończyć się"
second,"drugi, sekunda, chwila, po drugie"
health,"zdrowie, stan zdrowia, kondycja"
never,"nigdy, wcale, w ogóle"
board,"tablica, deska, płyta, rada, pokład, wikt"
form,"kształt, formularz, forma, figura, klasa, formatka, uformować, ustanowić, kształtować"
until,"aż, dopóki"
again,"ponownie, znowu, znów"
action,"akcja, działanie, czynność, ruch, postępowanie"
four,"cztery, 4, czwórka, czterolatek, czterolatka"
example,"przykład, wzór"
home,"dom, domowy, ojczyzna"
hand,"ręka, dłoń, strona, wskaźnik, pomoc, wpływ, kontrola, rozdanie, wręczyć"
called,zwany
course,"kurs, przebieg, tor, danie"
line,"linia, kolejka, rząd, przewód, tor, trasa"
change,"zmiana, drobne, zmieniać, rozmieniać"
women,kobiety
person,"osoba, człowiek"
question,"pytanie, kwestia, wątpliwość, kwestionować, pytać"
family,rodzina
often,często
special,"specjalny, wyjątkowy, szczególny"
history,historia
right,"właściwy, poprawny, prawo, mieć rację, prawda"
subject,"podmiot, przedmiot, temat, podległy"
others,"inni, inne"
best,"dobry, najlepszy, usilny, mistrz"
held,"trzymać, odbyć się, trzymany"
set,"zestaw, zbiór, ustawić"
side,"strona, bok, drużyna, angażować się"
left,"lewy, lewicowy, w lewo"
always,"zawsze, stale"
five,"pięć, 5, piątka, pięciolatek"
field,"pole, teren, boisko, odpowiadać"
book,"książka, rezerwować, księgować, meldować się"
due,"należny, spodziewany"
full,"pełny, napełniony"
name,"imię, nazwisko, nazwa, nazywać"
type,"typ, rodzaj, czcionka, pisać"
head,"głowa, kierować, nagłówek"
put,"kłaść, wkładać, umieszczać, formułować, umieścić"
why,"dlaczego, powód"
body,"ciało, organizm, grupa, kadłub"
problem,"problem, zadanie, kwestia"
white,"biały, biel, jasny, białko, jajo, wino"
above,"nad, ponad, powyżej, powyższy"
let,"niech, pozwalać, wpuszczać, wypuszczać, przepuszczać"
light,"światło, lampa, źródło światła, jasny, lekki, lekkostrawny, zapalać, rozpalać, oświetlać"
become,"stać się, zostać, nadchodzić"
age,"wiek, epoka, era, starość, starzeć się, postarzać"
matter,"materia, substancja, materiał, sprawa, kwestia, temat, mieć znaczenie"
class,"klasa, lekcja, kurs, gromada"
things,"rzeczy, przedmioty, sprawy, drobiazgi"
away,"z dala, daleko, precz, stąd, poza, oddalać się, wyjechać, wyruszyć"
want,"chcieć, pragnąć, pożądać, potrzeba"
shown,"pokazany, wyświetlony, ukazany, pokazane"
foreign,"obcy, zagraniczny"
something,coś
later,"późno, późny, później"
june,czerwiec
party,"przyjęcie, impreza, partia, strona, uczestnik, imprezować"
once,"kiedyś, raz, kiedy"
money,"pieniądz, pieniądze"
young,młody
words,"słowa, rozmowa, dyskusja, tekst"
open,"otwierać, otwarty, jawny, publiczny, otwarcie"
free,"wolny, bezpłatny, swobodny, darmowy, uwolnić, zwolnić, swobodnie, darmowo"
real,"realny, rzeczywisty, prawdziwy, autentyczny, naprawdę"
together,"razem, wspólnie"
paper,"papier, gazeta, dokument, referat, egzamin pisemny, papierowy, pakować"
building,budynek
yet,"jeszcze, wciąż, jednak, choć"
almost,"prawie, o mało"
price,"cena, kurs, koszt, wyznaczać, oceniać, wyceniać"
room,"pokój, pomieszczenie, miejsce, przestrzeń, możliwość"
look,"patrzeć, spojrzeć, spoglądać, wyglądać, wydawać się, spojrzenie, wygląd"
already,już
around,"dookoła, wokół, w pobliżu, wokoło"
date,"data, randka, termin, datować, datownik"
bank,"bank, bankier, brzeg, skarpa, nasyp, ławica, wpłacać, bankowy"
students,"studenci, uczniowie"
asked,"pytać, zapytać, zapytany, zapytano"
food,"jedzenie, żywność, pożywienie, żywnościowy"
nothing,"nic, zero"
street,"ulica, droga, uliczny"
plan,"plan, rozkład, planować, zaplanować"
self,"jaźń, siebie, własny"
july,lipiec
note,"notatka, liścik, przypis, nuta, ton, nota, banknot, ogłoszenie, rachunek, uwaga, zauważyć, notować"
black,"czarny, czerń, murzyński, czernieć"
college,"uczelnia ,szkoła wyższa, uniwersytet, wydział,"
true,"prawdziwy, dokładny, ścisły, prawdziwie, dokładnie, prawda"
short,"krótki, niski, krótkometrażowy, krótka sprzedaż, krótko, nagle"
pay,"zapłacić, płacić, zwracać, opłacać się, ponosić, płaca, wynagrodzenie, pensja, płatny"
read,"czytać, czytaj, odczytać, studiować, interpretować, brzmieć"
care,"opieka, troska, dbałość, ostrożność, troszczyć się, dbać, pielęgnować"
test,"test, próba, sprawdzian, klasówka, kartkówka, badanie, testować, badać, egzaminować"
river,rzeka
reason,"powód, przyczyna, rozum, rozsądek, racja, uzasadniać, dowodzić, przekonywać"
church,"Kościół, kościół, nabożeństwo"
language,"język, mowa, styl, słownictwo"
practice,"praktyka, zwyczaj, ćwiczenie, praktykować, trenować"
science,"nauka, dyscyplina, naukowy"
months,"miesiąc, miesiące"
activities,"działania, czynności, aktywności"
whose,"czyj, czyja, czyje, którego"
size,"rozmiar, wielkość"
six,"sześć, 6, szóstka"
love,"miłość, kochać, uwielbiać, lubić"
father,"ojciec, przodek, zrodzić, spłodzić, usynowić"
kind,"rodzaj, typ, uprzejmy, miły, życzliwy"
british,"brytyjski, Brytyjczyk, Brytyjka"
told,"powiedział, powiedziany"
usually,zwykle
design,"projekt, wzór, projektować, projektowanie"
described,opisany
eyes,"oko, oczy"
personal,"osobisty, prywatny, własny, indywidualny"
art,"sztuka, dzieło"
below,"poniżej, niżej"
hours,"godzina, godziny"
america,Ameryka
meeting,spotkanie
fig,figa
ground,"ziemia, grunt, teren, podstawa"
page,"strona, karta"
night,"noc, wieczór, zmrok, nocny"
face,"twarz, oblicze, mina, stawiać czoło"
mind,"umysł, pamięć, rozum, myśleć"
brought,"przywieziony ,przyniósł, przywiózł"
review,"omówienie, przegląd, recenzja, inspekcja, sprawdzenie, rewizja, omawiać, recenzować, rewidować, przetrząsać, sprawdzać"
believe,"wierzyć, myśleć, przypuszczać"
mother,"matka, pramatka, źródło, troszczyć się, matkować, niańczyć"
close,"zamknąć, zakończyć, bliski, podobny, zażyły, zamknięty"
keep,"trzymać, mieć, posiadać, utrzymywać, opiekować się, zachowywać, zachowaćpowstrzymywać się"
april,kwiecień
rule,"reguła, zasada, linijka, rządzić"
workers,pracownicy
help,"pomoc, pomocny, pomagać, pomóc"
congress,"kongres, zjazd"
really,"naprawdę, istotnie, rzeczywiście"
king,"król, dama, koronować, królować, promować"
role,rola
january,styczeń
article,"artykuł, przedmiot, wyrób, paragraf, reguła, rodzajnik"
today,"dzisiaj, dziś"
december,grudzień
library,"biblioteka, biblioteczny"
near,"blisko, niedaleko, w pobliżu, zbliżać się"
began,"zacząć, zaczął, zaczynać, rozpocząć, rozpoczywać się"
letter,"list, litera, pismo, dokument"
heart,"serce, sedno, centrum, otucha"
late,"późny, spóźniony, ostatni, późno"
code,"kod, norma, kodować"
lord,"lord, pan, dominować"
felt,"filc, filcowy, kapelusz"
english,angielski
added,"dodany, dodać, dodano"
town,"miasto, miasteczko"
strong,"silny, mocny"
fire,"ogień, pożar, strzelać, zapalać"
october,październik
soon,"wkrótce, niedługo, prędzej"
sir,"pan, proszę pana"
french,"francuski, Francuz"
hard,"trudny, twardy, ciężki, ciężko, trudno"
week,tydzień
carried,"niósł, przenosił, przeniesiony"
september,wrzesień
anything,"coś, cokolwiek"
england,Anglia
difficult,trudny
technology,technologia
turn,"zakręt, obrót, zmiana, kolejka, kręcić, obracać się, zmieniać się, zwrot"
defendant,"pozwany, oskarżony"
job,"praca, zawód, zadanie, etat"
vol,tom
idea,"myśl, pomysł, idea, pojęcie, koncepcja"
answer,"odpowiedź, rozwiązanie, odpowiadać"
story,"historia, opowieść, fabuła"
list,"lista, spis, wykaz"
longer,"dłuższy, dłużej"
sales,"sprzedaż, obrót"
son,syn
run,"biec, prowadzić, uciekać, bieg, przebieg, biegać"
sea,morze
ten,"dziesięć, 10, dziesiątka"
meet,"spotkać, spełniać, spotkanie, spotkać się"
august,sierpień
reading,"czytanie, odczyt, interpretacja"
half,"połowa, połówka, pół"
post,"poczta, słup, stanowisko, wysłać"
moment,"moment, chwila"
difference,różnica
twenty,"dwadzieścia, 20"
sure,"pewny, pewnie, na pewno, oczywiście"
behind,"za, z tyłu, w tyle"
character,"postać, znak, charakter"
stage,"etap, scena"
big,duży
play,"grać, bawić się, sztuka, przedstawienie"
wife,żona
heard,"usłyszeć, usłyszany, słyszałem"
officer,"oficer, urzędnik, funkcjonariusz, dowódca"
door,drzwi
site,"miejsce, teren, lokacja, sieciowa, strona WWW, umiejscawiać, umiejscowić"
november,listopad
hospital,szpital
poor,"biedny, kiepski, słaby"
box,"pudełko, skrzynka, futerał, boks, loża, kabina, budka, ramka, obudowa, komputer, ochraniacz, uderzenie, pięść, bukszpan, pole karne, zapakować, boksować"
canada,Kanada
car,"samochód, samochód osobowy, wagon"
survey,"badanie, sondaż, ankieta, oględziny, ekspertyza, przegląd, geodezyjny, ankietowy, przeglądać, oceniać, przeprowadzać, lustrować"
music,muzyka
culture,"kultura, uprawa, hodowla, produkcja, kultura bakterii"
earlier,"wcześniej, wcześniejszy"
february,luty
station,"stacja, posterunek, stacjonować"
alone,"sam, samotny, w pojedynkę, wyłącznie, tylko"
europe,Europa
future,"przyszłość, przyszły"
key,"klucz, klawisz, przycisk, legenda"
farm,"farma, gospodarstwo, uprawiać, gospodarować"
computer,"komputer, rachmistrz, komputerowy"
past,"przeszły, miniony, poprzedni, ostatni, przeszłość"
china,Chiny
morning,"ranek, poranek, poranny, rano"
france,Francja
news,"wiadomość, wiadomości, nius, wieść, aktualności"
wall,"ściana, mur"
ago,"temu, wcześniej"
born,urodzony
peace,"pokój, spokój, zgoda, rozejm"
senate,"senat, izba wyższa"
built,"zbudowany, wybudowany"
amendment,"poprawka, zmiana, nowelizacja"
everything,wszystko
teachers,nauczyciele
seven,"siedem, siódemka, siedmiolatek, siedmiolatka, siódmy"
island,wyspa
discussed,"omawiany, dyskutowany, omówiono"
mr,pan
sec,sekunda
start,"początek, start, rozpoczęcie, zaczynać, uruchamiać, ruszać"
friends,przyjaciele
machine,"maszyna, mechanizm"
live,"żyć, mieszkać, prowadzić, żywy, na żywo"
plaintiff,"powód, powódka"
collection,"kolekcjonowanie, zbieranie, kolekcja, zbiór"
eight,"osiem, ósemka, ośmiolatek, ośmiolatka"
fine,"grzywna, mandat, przystojny, ładny, karać, dobrze"
smith,kowal
parents,rodzice
germany,Niemcy
red,"czerwony, czerwień, komunistyczny"
covered,"pokryty, zakryty"
else,"inaczej, poza tym, jeszcze"
events,wydarzenia
becomes,"stawać się, zostaje, staje się"
heavy,"ciężki, masywny, syty"
housing,"mieszkalnictwo, budownictwo mieszkaniowe"
moved,"poruszony, wzruszony, przeniesiony"
park,"park, parkować"
fish,"ryba, ryby, łowić"
summer,"lato, letni"
dark,"ciemny, mroczny"
japan,Japonia
floor,"podłoga, piętro"
spring,"wiosna, sprężyna, skakać"
cold,"zimny, przeziębienie, zimno"
address,"adres, zwracać się, przemawiać"
color,"kolor, barwa, kolorować"
bad,"zły, niedobry"
africa,Afryka
hall,"hala, sala, aula, przedpokój, hol"
ready,"gotowy, przygotowany"
animals,zwierzęta
items,przedmioty
bed,"łóżko, posłanie, dno, złoże, pokład, warstwa, grządka, iść spać, iść do łóżka, uprawiać seks z kimś"
easy,"łatwy, prosty, lekki, na luzie, wyluzowany, łatwo, swobodnie, łatwe"
paragraph,"akapit, ustęp, dzielić na akapity"
blue,"niebieski, błękitny, błękit, smutny, sprośny, ubierać się na niebiesko, ufarbować na niebiesko"
agreed,"uzgodniony, umówiony, uzgodnione"
glass,"szkło, szklanka, kieliszek, szyba"
successful,"udany, skuteczny, efektywny, powodzenie, odnosić sukces"
top,"szczyt, wierzchołek, góra, powierzchnia, bąk, kwark, górny, szczytowy, przykrywać, pobić rekord, przewyższyć, popełnić samobójstwo"
dollars,dolary
cut,"ciąć, wycinać, rąbać, kroić, krój, obcięcie, cięcie"
stop,"przerwa, zatrzymaj, przystanek, zatrzymanie, znak stop, zatrzymać, zatrzymać się, przerwać, zakończyć"
sold,"sprzedany, sprzedał, sprzedane"
miss,"panna, tęsknić za, chybić, nie trafić, minąć się, przeoczyć, opuścić, spóźnić się"
introduced,"przedstawiony, wprowadzony, zaprezentowany"
picture,"obraz, obrazek, zdjęcie, uosobienie, przykład, przedstawiać"
standing,"pozycja, reputacja, znaczenie, okres trwania, stojący"
remember,"pamiętać, zapamiętać, nie zapominać, pamiętaj"
someone,ktoś
sum,"suma, kwota, dodawać"
ratio,"stosunek, proporcja, relacja"
trees,drzewa
bar,"belka, pręt, drążek, listwa, sztacheta, sztabka, przeszkoda, bariera, szlaban, krata, ruszt, batonik, baton, adwokatura, bar, pub, lada (barowa), takt, bar, kostka mydła, zaryglować, tarasować, blokować, uniemożliwiać, zabronić"
hill,"wzgórze, pagórek"
experimental,"eksperymentalny, doświadczalny, badawczy, próbny, awangardowy"
thereof,"z tego, z nich"
sun,słońce
speak,"mówić, rozmawiać, konwersować, przemawiać, wygłaszać, wypowiadać, powiedzieć, wyrażać, świadczyć o, posługiwać się (językiem)"
european,"europejski, Europejczyk, Europejka"
telephone,"telefon, telefonować, dzwonić"
girl,"dziewczyna, dziewczynka, panna"
uses,"zastosowania, użycia, używać"
milk,"mleko, doić, wykorzystywać"
interested,"zainteresowany, zafrapowany"
fourth,czwarty
boy,"chłopiec, chłopak"
husband,"mąż, oszczędnie gospodarować"
german,"niemiecki, Niemiec, Niemka"
copy,"kopia, egzemplarz, kopiować, powielać, rozumieć, naśladować"
speech,"przemówienie, przemowa, mowa, zdolność mówienia"
dry,"suchy, wytrawny, suszyć"
quickly,szybko
hot,"gorący, pikantny, atrakcyjny, seksualny, gorąco"
winter,"zima, zimowy, zimować, przezimować"
game,"gra, zabawa, zwierzyna"
stone,"kamień, kamyk, kostka (cukru), pestka, ukamienować"
brother,brat
owner,"właściciel, właścicielka"
wrong,"błąd, pomyłka, zły, błędny, niewłaściwy, niesłusznie, niepoprawnie, źle"
radio,"radio, stacja radiowa, medium radiowe, radiowy, nadawać, odbierać, komunikować się (przez radio)"
thirty,"trzydzieści, 30"
team,"drużyna, zespół, zaprzęg (zwierząt), połączyć siły, utworzyć zespół"
memory,"pamięć, wspomnienie"
clinical,kliniczny
spent,"zużyć, wyczerpać, wydać (pieniądze), spędzić (czas), wyczerpany, wydany"
hair,"włos, włosy"
accordance,"zgodność, zgodnie (z), w zgodzie"
fair,"targi, jarmark, sprawiedliwy, słuszny, sprawiedliwie, jasny (pogoda)"
jurisdiction,jurysdykcja
britain,Wielka Brytania
bottom,"dno, spód, dół, podnóże, sedno, pupa (pot.)"
attorney,"adwokat, radca prawny"
hence,"stąd, w związku z tym, z tego powodu"
medicine,"lekarstwo, medycyna"
drawn,narysowany
marriage,"małżeństwo, ślub"
indian,"Indianin, Indianka, indyjski"
mouth,"usta, pysk, gęba, ujście, wylot"
ship,"statek, wysyłać"
visit,"wizyta, odwiedziny, pobyt, odwiedzać, wizytować, składać wizytę"
statute,"ustawa, statut"
nine,"dziewięć, 9"
subsequent,"kolejny, następny"
leaders,"liderzy, przywódcy, kierownicy"
piece,"kawałek, sztuka, moneta, bierka, utwór"
club,"klub, lokal, pałka, maczuga, kij, golfowy"
happened,"zdarzyć się, wydarzyć się, wydarzyło się"
thank,"dziękować, podziękować, podziękowanie, dziękuję"
anyone,"ktoś, ktokolwiek, każdy"
everyone,"każdy, wszyscy"
rich,"bogaty, żyzny, zasobny, pożywny"
daughter,córka
filled,"wypełniony, napełniony"
counsel,"rada, porada, adwokat, obrońca, doradca, radzić, poradzić"
correct,"poprawny, właściwy, poprawiać"
collected,"zebrany, zgromadzony, zebrane"
phone,"telefon, dzwonić, telefonować"
liability,"zobowiązanie, dług, odpowiedzialność, ciężar"
applicable,"odpowiedni, stosowany, mające zastosowanie"
mail,"poczta, korespondencja, wysyłać"
fast,"szybki, szybko, post, pościć"
map,"mapa, kreślić"
bridge,"most, wiadukt, mostek, brydż, łączyć"
brain,"mózg, umysł"
beautiful,"piękny, wspaniały, świetny"
australia,Australia
window,"okno, okienko, witryna (sklepowa), wystawa"
lady,"dama, pani, kobieta"
green,"zielony, ekologiczny, przyjazny środowisku"
supreme,"najwyższy, naczelny, wzniosły"
talk,"rozmowa, pogadanka, wykład, rozmawiać, mówić"
protein,"białko, proteina, białkowy"
density,gęstość
skills,"umiejętność, umiejętności"
message,"wiadomość, wieść, przesłanie, przekaz"
maybe,"może, zapewne"
ice,lód
farmers,rolnicy
sugar,cukier
hope,"nadzieja, mieć nadzieję, spodziewać się"
excellent,"doskonały, wspaniały"
happy,"szczęśliwy, radosny"
grade,"ocena, stopień, klasa, gatunek, oceniać, klasyfikować"
quarter,"ćwierć, jedna czwarta, kwartał, ćwierćdolarówka, dzielić na cztery, czwarty, kwartalnie"
wind,"wiatr, nawijać, wić się, nakręcać"
birth,"narodziny, poród"
band,"taśma, opaska, bandaż, banda, zespół muzyczny, pasmo, bandażować, zespół"
fruit,"owoc, owocowy, owocować"
doctor,"lekarz, lekarka, dr (tytuł)"
buy,"kupować, nabywać, przekupywać, kupić"
carefully,"starannie, dokładnie, uważnie, ostrożnie"
stay,"pobyt, zatrzymać, pozostać"
horse,"koń, kozioł (gimnastyka)"
block,"blok, kloc, blokować, przeszkoda"
save,"ratować, oszczędzać, zapisywać, z wyjątkiem, zapisać"
mountain,"góra, górski, na zewnątrz, w górę"
weather,"pogoda, przetrwać, wietrzeć, erodować"
tools,"narzędzia, przyrządy"
arrived,"przybył, przyjechał, dotarł"
yellow,"żółty, tchórzliwy, zazdrosny, żółknąć"
engineers,"inżynierowie, konstruktorzy, inżynierowie"
broken,"złamany, zepsuty, uszkodzony"
plane,"samolot, hebel, płaszczyzna, płaski"
killed,"zabił, zabito, zginął"
hotel,"hotel, hotelowy"
garden,"ogród, ogrodzić"
goal,"gol, bramka, cel"
thin,"wąski, cienki, szczupły, chudy, rzadki, rozrzedzać, rozcieńczać, przerzedzać się"
chair,"krzesło, fotel, przewodniczący, przewodnicząca, katedra (stanowisko), przewodniczyć"
sentence,"zdanie, wyrok, kara, skazać"
played,"zagrać, grać, odgrywać, wystawić, rozegrać, grał"
yourself,"ty sam, ty sama, sobie, siebie"
inside,"wnętrze, środek, wewnątrz, wewnętrzny"
tube,"rura, rurka, tuba, tubka, metro"
television,"telewizja, telewizyjny"
fifty,"pięćdziesiąt, 50"
clean,"czysty, czyścić, wyczyścić"
store,"sklep, magazyn, przechowywać, gromadzić"
reader,"czytelnik, czytnik"
chosen,"wybrany, wybierać"
carrier,"roznosiciel, przewoźnik, statek, transporter, nośnik, nosiciel"
card,"karta, wizytówka, pocztówka, karton"
describe,"opisywać, opisać"
camp,"obóz, obozowisko, obozować, rozbić obóz"
sister,"siostra, zakonnica, siostrzany"
discuss,"dyskutować, omawiać, omówić"
writer,"pisarz, pisarka"
walk,"spacer, przechadzka, chodnik, ścieżka, chód, iść, spacerować, wyprowadzać (psa)"
grounds,"grunt, teren, powód, podstawa, tereny"
twelve,"dwanaście, 12"
noise,"hałas, szum, odgłos"
finished,"ukończony, wykończony, skończony, zakończony"
careful,"ostrożny, uważny, staranny, pieczołowity"
train,"pociąg, trenować, szkolenie, ciąg"
forty,"czterdzieści, 40"
thick,"gęsty, gruby, puszysty"
corner,"róg, naroże, kąt, rzut rożny, korner, narożny, zapędzić, narożnik"
watch,"zegarek, pilnowanie, stróżowanie, dozór, straż, wachta, obserwować, oglądać, czuwać"
vote,"głosować, głos, głosowanie"
sight,"wzrok, widok, dostrzec"
circle,"koło, okrąg, kółko, krążyć, krąg"
gray,"szary, siwy"
birds,ptaki
programme,program
ideal,"idealny, doskonały, ideał"
slow,"wolny, powolny, spowalniać"
pleasure,"przyjemność, z przyjemnością"
drive,"prowadzić, kierować, napędzać, przejażdżka, jazda, napęd"
shop,"sklep, warsztat, robić zakupy"
famous,"sławny, słynny, znany"
baby,"niemowlę, dziecko, kochanie"
pair,"para, dwójka, dobierać, łączyć w pary, tworzyć parę"
bone,"kość, ość, usuwać ości"
caught,"złapać, chwycić, złapany"
seat,"miejsce, siedzenie, posada, mandat, siodełko, siedziba, tyłek, deska klozetowa, sadzać, sadzać się, posadzić"
joined,"połączyć, łączyć, dołączyć się, przyłączyć, połączony, dołączony, dołączył"
dog,"pies, suka, hot dog, tropić, natrętnie śledzić"
leaves,"liść, liście, urlop, zostawiać"
meat,"mięso, miąższ"
magazine,"magazyn, czasopismo, skład, magazynek"
repeated,"ponowny, powtórny, powtarzać, powtarzający się"
star,"gwiazda, gwiazdka, grać, oznaczać"
corn,"kukurydza, zboże, odcisk (na stopie), modzel"
prince,"książę, królewicz"
ball,"piłka, kula, gałka, bal"
eat,"jeść, spożywać, pożerać, przeżerać"
flowers,kwiaty
rice,ryż
feelings,"uczucia, emocje, wrażenia"
warm,"ciepły, ogrzać, podgrzać, ocieplić, serdeczny"
boat,"łódź, łódka"
strange,"dziwny, obcy, nieznany"
conversation,"rozmowa, konwersacja"
afternoon,"popołudnie, popołudniowy"
beach,plaża
song,"piosenka, pieśń"
gift,"prezent, dar, talent"
bright,"jasny, jaskrawy, bystry, inteligentny, radosny, pogodny"
factory,fabryka
neck,"szyja, kark, gryf"
bell,"dzwon, dzwonek"
spot,"miejsce, plama, plamka, punkt, pryszcz, spot reklamowy, zauważyć, dostrzec, rozpoznać"
pollution,"zanieczyszczenie, polucja"
newspaper,"gazeta, gazetowy"
trip,"wycieczka, podróż, potknięcie, pomyłka"
sunday,"niedziela, niedzielny"
closer,"bliższy, bliżej"
dinner,"obiad, kolacja"
sweet,"słodki, uroczy, cukierek, słodycz, deser"
describes,"opisuje, opisywać"
thanks,"dzięki, podziękowanie, dziękować"
snow,"śnieg, śnieżny, śnieżyca, śnieżnobiały, śnieżyć"
fishing,"łowienie ryb, połów ryb, wędkarstwo, rybołówstwo, rybacki, wędkarski"
eggs,jajka
coffee,"kawa, kawowiec, kawowy, kolor kawowy, pić kawę"
legs,nogi
interview,"wywiad, rozmowa kwalifikacyjna, przesłuchanie, przeprowadzać wywiad, przesłuchiwać"
hole,"dziura, otwór, jama"
temple,"świątynia, skroń"
teeth,zęby
payable,"płatny, do zapłaty"
rain,"deszcz, opad, padać"
elementary,"elementarny, podstawowy"
fifteen,"piętnaście, 15"
cup,"kubek, filiżanka, puchar, miseczka"
truck,"ciężarówka, samochód ciężarowy"
partner,"partner, partnerka, wspólnik, partnerować"
dropped,"upuszczać, upuścić, upuszczony"
drink,"napój, drink, alkohol, pić, wznosić toast, wypić, upijać się"
grass,"trawa, marihuana, informator (policyjny), kret"
yes,"tak, odpowiedź twierdząca, głos za"
wear,"nosić, odzież, zużycie, zużywać się"
dance,"taniec, tańczyć"
tv,"telewizja, TV"
kitchen,"kuchnia, kuchenny"
enjoy,"podobać się, lubić, cieszyć się, dobrze się bawić"
underlying,"podstawowy, zasadniczy, leżący u podstaw, ukryty"
colour,"kolor, barwa, farba, barwnik, koloryt, rumieniec, kolorowy, kolorować, pokolorować, barwić, zabarwić"
shoulder,"bark, ramię, łopatka, pas awaryjny, pobocze, zarzucać, brać na siebie"
row,"rząd, szereg, łódź, przejażdżka łodzią, awantura, wiosłować, kłócić się"
sky,"niebo, chmury"
cook,"gotować, kucharz, kucharka"
quiet,"cichy, spokojny, cisza, spokój, uciszać, uspokajać, uspokoić"
smile,"uśmiech, uśmiechać się, uśmiechnąć się"
bus,"autobus, sprzątać naczynia, zbierać talerze, jechać autobusem"
sick,"chory, mający mdłości, zwymiotować, wywoływać wstręt, niesmaczny"
afraid,"bać się, obawiać się, zmartwiony, przestraszony, boję się"
internet,"internet, sieć"
theatre,teatr
driver,"kierowca, operator, sterownik, napęd, program sterujący"
quarterly,"kwartalny, kwartalnie, kwartalnik"
glad,"zadowolony, szczęśliwy, rad"
clothes,"ubrania, odzież"
painting,"obraz, malarstwo"
mathematics,matematyka
nice,"miły, sympatyczny, ładny, fajnie"
imagine,"wyobrażać sobie, wyobrazić sobie, wyobraź sobie"
app,"aplikacja, aplikacja komputerowa"
spending,wydatki
video,"wideo, film wideo, nagranie wideo, nagrywać na wideo, film"
tea,"herbata, herbatka, podwieczorek, slang: marihuana"
healthy,"zdrowy, sprzyjający zdrowiu"
ear,"ucho, kłos"
wheel,"koło, kierownica, toczyć się, obracać, popychać, prowadzić"
scientists,naukowcy
pool,"staw, basen, kałuża, pula, zasób, bilard, fundusz, mobilizować, komasować"
moon,"księżyc, satelita ziemski, odsłaniać pośladki (slang)"
dream,"śnić, marzyć, sen, marzenie"
closing,"zamknięcie, zakończenie, zamykać"
listen,"słuchać, nasłuchiwać, słuchaj"
fat,"tłuszcz, gruby, tłusty"
forget,"zapominać, zapomnieć"
expensive,"drogi, kosztowny"
happens,"zdarzać się, dziać się, dzieje się"
sheep,"owca, owce"
beside,"obok, przy, w porównaniu z"
poem,"wiersz, poemat"
sixth,"szósty, szósta część"
orange,"pomarańcza, pomarańczowy"
brings,"przynosi, dostarcza, powoduje, przyprowadza"
suggestion,"sugestia, propozycja, podpowiedź"
sorry,"przepraszam, przykro mi"
sixty,"sześćdziesiąt, 60"
bread,"chleb, pieczywo, kasa"
cloth,"tkanina, materiał, sukno, ścierka, obrus, chustka"
topic,"temat, kwestia"
nurse,"pielęgniarz, pielęgniarka, niańka, pielęgnować, opiekować się"
drinking,"picie, pijaństwo"
guy,"facet, gość, koleś"
fly,"mucha, lot, klapa, rozporek, latać, fruwać, wylecieć, wystrzelić, przemknąć, powiewać, uciekać, puszczać w powietrze, przewozić samolotem, cwany, sprytny"
wonderful,"cudowny, zdumiewający, zadziwiający, wspaniały"
meal,"posiłek, danie, jedzenie"
bag,"torba, worek"
yards,"jardy, ogrody, dziedzińce"
touch,"dotyk, dotykać, dotykowy"
cat,"kot, kotka, złośliwy, kobieta, facet, prostytutka"
tall,wysoki
busy,"zajęty, zapracowany, zajmować"
camera,"aparat fotograficzny, kamera"
photo,"zdjęcie, fotografia, fotografować"
cream,"krem, śmietana, śmietanka, kremowy, śmietankowy"
thee,"ciebie, tobą (archaiczne)"
tower,"wieża, sterczeć, górować"
nose,"nos, dziób (samolotu)"
nineteenth,dziewiętnasty
everywhere,"wszędzie, gdziekolwiek"
solve,"rozwiązać, rozwiązywać, rozstrzygać"
warrant,"nakaz, poręczenie, rękojmia, gwarancja, zapewnienie, upoważnienie, pełnomocnictwo, ręczyć, gwarantować"
congressional,"kongresowy, sejmowy"
dress,"sukienka, suknia, szata, ubranie, strój, ubierać, opatrywać"
cap,"czapka, beret, kaszkiet, kapelusz, kaptur, wieko, pokrywa, kapsel, nasadka, czepek, limit, nakładać, przewyższać, kłamać"
saturday,sobota
paint,"farba, malować, pomalować"
desk,"biurko, ławka szkolna"
tomorrow,jutro
grey,"szary, siwy, (kolor) szary, szarzeć, poszarzeć, siwieć, osiwieć"
pocket,"kieszeń, kieszonkowy"
cape,"peleryna, przylądek"
writes,"pisze, pisać"
fever,gorączka
uncle,"wujek, wuj, stryjek, stryj"
monday,poniedziałek
buying,"kupowanie, nabywanie"
yours,"twój, swój, wasz"
everybody,wszyscy
airport,"lotnisko, port lotniczy, lotniczy"
butter,"masło, smarować"
classroom,"klasa, sala lekcyjna"
beings,istoty
insured,"ubezpieczony, ubezpieczona"
surprise,"niespodzianka, zaskoczenie, zaskoczyć, być zaskoczonym"
pick,"elita, kilof, wybór, wykałaczka, plektron, kostka gitarowa, wyciągać, zbierać, wybierać, dziobać"
turkey,"indyk, idiota, porażka"
cleaning,"sprzątanie, porządki, czyszczenie"
faster,"szybszy, szybciej"
rats,"szczur, szczury"
seventh,siódmy
fun,"zabawny, radosny, zabawa, ubaw, radość"
drama,dramat
dad,"tata, tato"
writings,pisma
bath,"wanna, łazienka, kąpiel, kąpać się"
friday,piątek
hat,"kapelusz, czapka, daszek, cyrkumfleks, akcent cyrkumfleksowy"
hurt,"ranić, zranić, kaleczyć, boleć, sprawiać ból, krzywdzić, ból, uraza, zraniony, ranny, krzywda"
coat,"płaszcz, warstwa, fartuch, powlekać, pokrywać"
township,"gmina, miasto, dzielnica"
cried,"płakać, łkać, krzyczeć, wykrzyknąć, płakał"
guess,"przypuszczenie, domysł, zgadnąć, zgadywać, odgadywać, odgadnąć, domyślać się, przypuszczać, myśleć, zgaduję"
eleven,"jedenaście, 11"
cloud,"chmura, obłok, chmara, zmętnienie, zamglić, zmącić, zaćmić"
yesterday,wczoraj
smoke,"dym, dymek, papieros, palić, dymić się, wędzić, parować"
players,"gracz, gracze"
palace,pałac
bottle,"butelka, butelkować"
ride,"jechać, jeździć, wozić, przewozić, przejażdżka, jazda"
shoes,"but, buty"
lessons,"lekcja, lekcje"
habits,"nawyk, nawyki, przyzwyczajenie, zwyczaj"
lunch,"lunch, obiad"
shorter,krótszy
terrible,"okropny, straszny"
angry,"zły, rozgniewany, wściekły, zdenerwowany, gniewny"
restaurant,restauracja
vegetables,"warzywo, warzywa"
strict,"surowy, rygorystyczny, ścisły"
wash,"myć, prać, mycie, pranie"
tired,"zmęczony, senny"
mice,myszy
median,"mediana, środkowa trójkąta, środkowy"
pen,"długopis, pióro, zagroda, wybieg dla zwierząt"
warren,"nora królicza, kolonia królików, labirynt, królikarnia, gniazdo"
apple,"jabłko, jabłkowy"
inherent,"nieodłączny, nieodłącznie związany, wynikający z istoty, inherentny"
checked,"sprawdzić, sprawdzony, w kratkę, sprawdzone"
button,"guzik, przycisk, zapinać"
flag,flaga
asks,"pytać, pyta"
whilst,"podczas gdy, gdy"
seventy,"siedemdziesiąt, 70"
blank,"pusty, niewypełniony, niezapisany, niezadrukowany, czysty, ślepy nabój, ślepak, miejsce, spacja"
vols,tomy
breakfast,"śniadanie, spożywać"
cheese,"ser, pieniądz, gomółka"
opera,opera
clock,"zegar, zegarek, tarcza zegara, stoper"
actors,"aktorzy, aktorki"
speaks,"mówi, przemawia"
excited,"podekscytowany, wzbudzony"
mom,mama
eighteen,"osiemnaście, 18"
renewal,"odnowienie, odnowa, prolongata"
sad,"smutny, przykry, żałosny, opłakany, godny ubolewania"
theater,"teatr, kino"
justification,"uzasadnienie, justyfikacja"
tenant,"najemca, lokator"
forum,forum
smoking,palenie
holdings,"posiadłości, majątek, udziały"
autumn,jesień
movie,"film, filmowy"
fourteen,"czternaście, 14"
periodic,"periodyczny, okresowy"
favorite,"ulubiony, ulubieniec, faworyt"
super,"super, wspaniały, fajny, świetnie"
holiday,"wakacje, urlop, święto"
guests,goście
knife,"nóż, przeciąć, zaatakować nożem, dźgnąć, ugodzić nożem"
jet,"odrzutowiec, dysza, struga, strumień, odrzutowy, gagat, pędzić"
tight,"ciasny, obcisły, dokręcać, mocno, szczelnie"
pray,"modlić się, błagać"
beef,"wołowina, kłócić się, narzekać"
delegation,"delegacja, oddelegowanie, pełnomocnictwo, delegowanie, uprawnienie, upoważnienie"
sixteen,"szesnaście, 16, szesnastka"
brush,"pędzel, szczotka, szczotkować"
tuesday,wtorek
shirt,"koszula, koszulka"
aunt,"ciocia, ciotka"
riding,"jazda, jazda konna, jeździć"
anybody,"ktoś, ktokolwiek, każdy"
submission,"poddanie się, uległość, pokora, przedstawienie, złożenie"
potatoes,"ziemniaki, kartofle"
chicken,"kurczak, tchórz, tchórzliwy"
bowl,"miska, misa, czasza, kula, kręgielny, gra w kręgle, toczyć, rzucać"
piano,"pianino, fortepian"
thursday,czwartek
mapping,"mapowanie, odwzorowanie"
overhead,"górny, napowietrzny, ogólny, na górze, nad, pokład, koszty ogólne"
dictionary,słownik
prolonged,"przedłużony, długotrwały"
everyday,"codzienny, zwykły, pospolity, powszechny, codziennie"
contest,"debata, spór, rywalizacja, konkurs, rywalizować, kwestionować"
numbered,"ponumerowany, numerowane"
fan,"wentylator, zwolennik, miłośnik, wachlarz"
cow,krowa
reporter,"reporter, reporterka"
festival,"festiwal, święto"
wednesday,środa
grammar,gramatyka
math,matematyka
tenth,dziesiąty
lovely,"uroczy, wspaniały, śliczny, cudowny, rozkoszny"
smart,"szczypać, boleć, odczuwać ból, bystry, zdolny, inteligentny, elegancki, szykowny"
juice,"sok, likier, siła, moc, chęć do działania, esencja, doping (zwłaszcza sterydowy), prąd, paliwo, fundusz, wyciskać, pić duże ilości alkoholu"
notable,"godny uwagi, wybitny, znakomity, sławny"
knees,kolana
eighty,"osiemdziesiąt, 80"
grows,"rośnie, wzrasta"
shopping,"zakupy, robienie zakupów"
bedroom,sypialnia
pink,"różowy, róż"
pig,"świnia, glina"
insure,"ubezpieczyć, zapewnić, zagwarantować, zadbać o"
onset,początek
discusses,"omawia, dyskutuje, rozważa"
pm,po południu
thirteen,"trzynaście, 13, trzynastka"
shelf,"półka, szelf, mielizna"
football,"piłka nożna, futbol amerykański, futbol kanadyjski, futbolówka, gra w piłkę nożną, piłkarski"
ninety,"dziewięćdziesiąt, 90"
resonance,rezonans
subjective,"subiektywny, podmiotowy"
notably,"szczególnie, w szczególności, zwłaszcza"
luck,"szczęście, fart, powodzenie, przypadek"
neighbors,sąsiedzi
missionary,"misjonarz, misjonarka"
characterization,"charakterystyka, opis"
coach,"autokar, trener, trenerka, korepetytor, korepetytorka, wagon, powóz, kareta, klasa ekonomiczna, instruować, trenować, udzielać korepetycji, dawać wskazówki"
sooner,"prędzej, raczej, wcześniej"
postage,"opłata pocztowa, pocztowy, frankowanie"
poorly,"źle, kiepsko, słabo, chory"
harder,"trudniejszy, cięższy, twardszy"
notification,"zawiadomienie, powiadomienie, notyfikacja, awizo"
yearly,"roczny, coroczny, doroczny, rocznik, rocznie"
momentum,"pęd, siła przebicia, wiatr w żaglach"
celebrated,"świętować, celebrować, sławny, świętowany"
vacation,"wakacje, urlop"
handsome,przystojny
literacy,umiejętność czytania i pisania
beans,"fasola, fasolka"
swimming,pływanie
ours,"nasz, nasza, nasze"
grandfather,dziadek
elder,starszy
agrees,"zgadzać się, przytakiwać, wyrażać zgodę, zgadza się"
tooth,ząb
princess,księżniczka
socialism,socjalizm
coke,"koks, kokaina, cola, kola, wytwarzać"
dirty,"brudny, sprośny, nieprzyzwoity, podły, nikczemny, wstrętny, nieuczciwy, brudzić, kalać"
drum,bęben
ticket,"bilet, mandat"
lucky,"szczęśliwy, fartowny, mieć szczęście"
cousin,"kuzyn, kuzynka"
pet,"zwierzę domowe, pupil, miś, skarb, ulubieniec, pieścić, zwierzak"
periodicals,"czasopisma, periodyka"
concert,"koncert, koncertować"
lion,lew
tonight,"dziś wieczorem, dzisiaj wieczorem"
growers,hodowcy
cake,"ciasto, ciastko, pokryć cienką warstwą, warstwa, pył, zbrylić się"
birthday,urodziny
hungry,"głodny, wygłodniały"
borrowed,pożyczony
tenure,"kadencja, okres urzędowania, stały etat, posada, dożywotni"
hers,"jej, swój"
nineteen,"dziewiętnaście, 19, dziewiętnastka"
antibody,przeciwciało
dismissal,"zwolnienie, dymisja, oddalenie, wykluczenie"
fuller,"pilśniarz, folusznik, zbrocze, odciągacz kowalski, wydłużak kowalski, żłobić, pełniejszy"
funny,"śmieszny, zabawny, dziwny, osobliwy"
inlet,"zatoka, wlot, ujście, wpust, wlewnik"
notified,"powiadomiony, poinformowany"
broker,"makler, pośrednik, agent"
jacket,"kurtka, marynarka, obwoluta"
ghost,"duch, widmo, upiór, zjawa, nawiedzać"
pasture,"pastwisko, wypas, wypasać, paść się"
rabbit,królik
saturated,nasycony
smell,"czuć, zapach, wąchać, pachnieć, wonieć, śmierdzieć, węch"
borrowing,"zapożyczenie, pożyczanie"
sixteenth,szesnasty
presumption,"przypuszczenie, założenie, domniemanie, tupet, zarozumialstwo, zuchwała ufność"
presumed,"przypuszczalny, domniemany"
baseball,baseball
seventeen,"siedemnaście, 17, siedemnastka"
grandmother,"babcia, babunia"
dish,"talerz, potrawa, danie, naczynie"
singer,"piosenkarz, piosenkarka, śpiewak, śpiewaczka"
insulation,"odizolowanie, oddzielenie, izolacja"
email,"e-mail, email, mail, elektroniczny, wysłać (e-mail)"
insurer,ubezpieczyciel
bodily,"cielesny, fizyczny, materialny"
legacy,"dziedzictwo, spuścizna, spadek"
weekend,"weekend, weekendowy"
excuse,"usprawiedliwienie, wytłumaczenie, wymówka, wybaczać, przepraszać"
chocolate,"czekolada, czekoladowy, kolor"
snake,wąż
impairment,"osłabienie, nadwyrężenie, uszkodzenie, uszczerbek"
climbed,"wspinać się, wspiąć się, wspinaczka"
penal,"karny, karalny"
ruler,"linijka, władca"
bee,pszczoła
celebration,"uroczystość, świętowanie"
nationality,narodowość
closest,najbliższy
cooked,"gotowany, ugotowany"
fore,"przód, przedni, dziobowy, okrzyk ostrzegawczy «fore!», ostrzegać"
readiness,gotowość
usefulness,"przydatność, użyteczność"
bathroom,"łazienka, toaleta, ubikacja"
airplane,samolot
foreigners,"cudzoziemiec, cudzoziemcy, obcokrajowcy"
pencil,ołówek
hiding,"ukrywanie, skrycie, ukryć"
fourteenth,czternasty
lonely,"samotny, osamotniony, odludny"
denote,"oznaczać, wskazywać, określać"
coding,"kodowanie, programowanie"
cinema,"kino, kinematografia, film, przemysł filmowy"
managerial,"kierowniczy, zarządzający"
saturation,"nasycenie, saturacja"
heavier,cięższy
restrictive,"ograniczający, restrykcyjny"
musicians,"muzyk, muzycy"
clever,"bystry, sprytny, lotny, sprawny, zdolny, błyskotliwy, pomysłowy, zmyślny"
awake,"budzić, budzić się, przebudzony, przytomny, czujny, świadomy"
sits,"siada, siedzi"
shower,"prysznic, przelotny opad, brać prysznic"
notation,"notacja, zapis, notatka"
eyed,"przypatrywać się, obdarzać wzrokiem, patrzeć na, wpatrzony"
subparagraph,podpunkt
hi,"cześć, hej"
injustice,niesprawiedliwość
wake,"budzić, budzić się, czuwanie, kilwater, smuga kondensacyjna"
tennis,"tenis, tenis ziemny"
arterial,tętniczy
soup,"zupa, karmić, zapewniać posiłek, zanurzać w utrwalaczu"
outset,"początek, start"
oversight,"przeoczenie, niedopatrzenie, nadzór, dozór"
okay,"ok, w porządku, dobry, dobrze, zgoda"
incapable,"niezdolny, niezdatny, nieporadny"
breadth,"szerokość, zakres, rozpiętość, rozmach"
fifteenth,piętnasty
hurried,pośpieszny
headings,"nagłówek, nagłówki, tytuły, śródtytuły"
realism,realizm
postwar,powojenny
sunshine,"światło słoneczne, promienie słoneczne, słońce, słoneczko, nasłoneczniony, wesołość, pogoda ducha"
hardness,twardość
manure,"obornik, gnój"
wheeler,kołodziej
blowing,"dmuchanie, wianie, wybuch, eksplozja"
denotes,"oznaczać, symbolizować, wskazywać, oznacza"
ugly,"brzydki, brzydal"
toilet,"sedes, muszla klozetowa, toaleta, ubikacja, WC"
periodically,"okresowo, cyklicznie, periodycznie"
latent,"utajony, ukryty, uśpiony"
collectively,zbiorowo
breathe,"oddychać, wdychać, wydychać"
paste,"pasta, przecier, klajster, zaczyn, naklejać, przykleić, wklejać, klajstrować, zalepiać"
sectional,"sekcyjny, przekrojowy, odcinkowy, segmentowy, kanapa modułowa, segmentowa kanapa"
counselor,"doradca, radca, prawnik, pedagog, szkolny"
roses,"róża, róże"
honorary,honorowy
eleventh,jedenasty
posture,"postawa, postura, poza, stanowisko, podejście, pozować, przybierać"
coatings,"powłoka, pokrycie, warstwa ochronna, powłoki"
problematic,problematyczny
headache,"ból głowy, problem, utrapienie, zmartwienie"
introduces,"przedstawia, wprowadza, zapoznaje, wdraża"
backing,"poparcie, wsparcie, podkład, podłoże, podkładka, akompaniament"
unjust,niesprawiedliwy
handful,"garść, garstka, niewielka ilość"
toys,"zabawka, zabawki"
repayment,spłata
prayed,"modlił się, modliła się, modlili się"
couch,"kanapa, sofa, kozetka, leżanka"
daddy,"tatuś, tatusiu, tatko"
manor,"dwór, rezydencja, majątek ziemski, folwark"
copying,"kopiowanie, powielanie"
favourite,ulubiony
lily,lilia
borrower,"pożyczkobiorca, kredytobiorca"
sailors,"marynarze, żeglarze"
jump,"skok, skakać, wyskakiwać, przeskakiwać, mieć stosunek seksualny (z kimś)"
tomato,pomidor
ratification,ratyfikacja
boring,nudny
pants,"majtki, slipy, kalesony, spodnie"
fairy,"wróżka, czarodziejka, skrzydlaty, duszek, homoseksualista"
candy,"cukierek, słodycze, łakocie, kandyzować, cukierki"
frontal,"czołowy, przedni"
thirteenth,trzynasty
upheld,"podtrzymać, utrzymać, podtrzymany"
kick,"kop, kopnięcie, kopniak, kopać"